

insert into makmodtrimlevel values(375, 'PASSATVART', 'BLUEMOTION');
insert into lanmakmodtrimlevel values(375, 'PASSATVART', 'BLUEMOTION', 'EN', 'BlueMotion');
insert into makmodtrimlevel values(375, 'PASSATVART', 'TRENDLINE');
insert into lanmakmodtrimlevel values(375, 'PASSATVART', 'TRENDLINE', 'EN', 'Trendline');
insert into makmodtrimlevel values(375, 'PASSATVART', 'CARAT');
insert into lanmakmodtrimlevel values(375, 'PASSATVART', 'CARAT', 'EN', 'Carat');

insert into makmodtrimlevel values(375, 'GOLF', 'BLUEMOTION');
insert into lanmakmodtrimlevel values(375, 'GOLF', 'BLUEMOTION', 'EN', 'BlueMotion');
insert into makmodtrimlevel values(375, 'GOLF', 'TRENDLINE');
insert into lanmakmodtrimlevel values(375, 'GOLF', 'TRENDLINE', 'EN', 'Trendline');
insert into makmodtrimlevel values(375, 'GOLF', 'CARAT');
insert into lanmakmodtrimlevel values(375, 'GOLF', 'CARAT', 'EN', 'Carat');

insert into makmodtrimlevel values(375, 'JETTA', 'BLUEMOTION');
insert into lanmakmodtrimlevel values(375, 'JETTA', 'BLUEMOTION', 'EN', 'BlueMotion');
insert into makmodtrimlevel values(375, 'JETTA', 'TRENDLINE');
insert into lanmakmodtrimlevel values(375, 'JETTA', 'TRENDLINE', 'EN', 'Trendline');
insert into makmodtrimlevel values(375, 'JETTA', 'CARAT');
insert into lanmakmodtrimlevel values(375, 'JETTA', 'CARAT', 'EN', 'Carat');

insert into makmodtrimlevel values(375, 'PASSAT', 'BLUEMOTION');
insert into lanmakmodtrimlevel values(375, 'PASSAT', 'BLUEMOTION', 'EN', 'BlueMotion');
insert into makmodtrimlevel values(375, 'PASSAT', 'TRENDLINE');
insert into lanmakmodtrimlevel values(375, 'PASSAT', 'TRENDLINE', 'EN', 'Trendline');
insert into makmodtrimlevel values(375, 'PASSAT', 'CARAT');
insert into lanmakmodtrimlevel values(375, 'PASSAT', 'CARAT', 'EN', 'Carat');

insert into makmodtrimlevel values(375, 'TOUAREG', 'BLUEMOTION');
insert into lanmakmodtrimlevel values(375, 'TOUAREG', 'BLUEMOTION', 'EN', 'BlueMotion');
insert into makmodtrimlevel values(375, 'TOUAREG', 'TRENDLINE');
insert into lanmakmodtrimlevel values(375, 'TOUAREG', 'TRENDLINE', 'EN', 'Trendline');
insert into makmodtrimlevel values(375, 'TOUAREG', 'CARAT');
insert into lanmakmodtrimlevel values(375, 'TOUAREG', 'CARAT', 'EN', 'Carat');

insert into makmodtrimlevel values(375, 'TIGUAN', 'BLUEMOTION');
insert into lanmakmodtrimlevel values(375, 'TIGUAN', 'BLUEMOTION', 'EN', 'BlueMotion');
insert into makmodtrimlevel values(375, 'TIGUAN', 'TRENDLINE');
insert into lanmakmodtrimlevel values(375, 'TIGUAN', 'TRENDLINE', 'EN', 'Trendline');
insert into makmodtrimlevel values(375, 'TIGUAN', 'CARAT');
insert into lanmakmodtrimlevel values(375, 'TIGUAN', 'CARAT', 'EN', 'Carat');

insert into makmodtrimlevel values(375, 'SCIROCCO', 'BLUEMOTION');
insert into lanmakmodtrimlevel values(375, 'SCIROCCO', 'BLUEMOTION', 'EN', 'BlueMotion');
insert into makmodtrimlevel values(375, 'SCIROCCO', 'TRENDLINE');
insert into lanmakmodtrimlevel values(375, 'SCIROCCO', 'TRENDLINE', 'EN', 'Trendline');
insert into makmodtrimlevel values(375, 'SCIROCCO', 'CARAT');
insert into lanmakmodtrimlevel values(375, 'SCIROCCO', 'CARAT', 'EN', 'Carat');

insert into makmodtrimlevel values(375, 'SHARAN', 'BLUEMOTION');
insert into lanmakmodtrimlevel values(375, 'SHARAN', 'BLUEMOTION', 'EN', 'BlueMotion');
insert into makmodtrimlevel values(375, 'SHARAN', 'TRENDLINE');
insert into lanmakmodtrimlevel values(375, 'SHARAN', 'TRENDLINE', 'EN', 'Trendline');
insert into makmodtrimlevel values(375, 'SHARAN', 'CARAT');
insert into lanmakmodtrimlevel values(375, 'SHARAN', 'CARAT', 'EN', 'Carat');

insert into makmodtrimlevel values(375, 'BEETLE', 'BLUEMOTION');
insert into lanmakmodtrimlevel values(375, 'BEETLE', 'BLUEMOTION', 'EN', 'BlueMotion');
insert into makmodtrimlevel values(375, 'BEETLE', 'TRENDLINE');
insert into lanmakmodtrimlevel values(375, 'BEETLE', 'TRENDLINE', 'EN', 'Trendline');
insert into makmodtrimlevel values(375, 'BEETLE', 'CARAT');
insert into lanmakmodtrimlevel values(375, 'BEETLE', 'CARAT', 'EN', 'Carat');




/* GOLF */
insert into LANVARIANT values (12001, 'EN', '1.4 TSI ACT BlueMotion Technology BVM 6');
Insert into VARIANT (VARID,PAYCODE,VARCODE,DEVCODE,VARDTSTART,VARDTEND,MAKID,MMOCODE,VARVEHICLESECTOR,VARDRIVETRAIN,VARFUELDELIVERY,VARTRANSMISSION,VARNBDOORS,VARSERVICEDISTANCEUNIT,VARSERVICEDISTANCEINTERVAL,VARSERVICETIMEINTERVAL,VARMOTCLASS,VARTAXCLASS,VARVEHICLECATEGORY,VARVEDCLASS,VARENERGYTYPE,VARBODYTYPE,VARBHP,VARCOMMENT,VARSTATUS,MMTCODE,VARBADGEDENGINESIZE,VARUPDATEDATE,VARCARBON,VARIDSOURCE,VARSOURCEDATABASE,VARINSURANCE,VARPRODUCTIONSTARTYEAR,ACACODE,NAPCODE,UTICODEUPDATE,VARDTUPDATE,VAREXTERNALREF) 
values (12001,'FR','GOLFCONFLNTSI14BVM6','EUR',to_date('23-MAY-15','DD-MON-RR'),null,375,'GOLF',null,null,'G','A',null,null,null,null,null,'3','VP','03','G','COUP',150,null,'ACTIF','BLUEMOTION',null,to_date('23-MAY-15','DD-MON-RR'),119,null,null,null,2015,'NINDMA','14','ORFI',to_date('23-MAY-15','DD-MON-RR'),null);
Insert into VARYEAR (VARID,VYEYEARCODE,VYEDTSTART,VYEDTEND,VYEINSURANCE) values (12001,'2015',to_date('01-JAN-15','DD-MON-RR'),null,null);
Insert into VYEPRICE (VARID,VYEYEARCODE,VPRORDER,VPRDTSTART,DEVCODE,VPRDTEND,VPRMT,VPRCODE,VPRDTUPDATE,UTICODEUPDATE,TAXCODE,VPRMTVAT) values (12001,'2015',1,to_date('01-JAN-15','DD-MON-RR'),'EUR',null,37400,null,null,null,'ESVAT',21);
Insert into VYEIMAGE (VARID,VYEYEARCODE,VYIORDER,VYICATEGORY,VYIFILENAME,VYIORIENTATION,VYIMODELYEAR,VYIVIEWTYPE) values (12001,'0000',1,'GRANDE','vw_golf_GRANDE.png','PAYSAGE',2015,'Exterieur');

insert into LANVARIANT values (12002, 'EN', '1.4 TSI ACT BlueMotion Technology DSG 7');
Insert into VARIANT (VARID,PAYCODE,VARCODE,DEVCODE,VARDTSTART,VARDTEND,MAKID,MMOCODE,VARVEHICLESECTOR,VARDRIVETRAIN,VARFUELDELIVERY,VARTRANSMISSION,VARNBDOORS,VARSERVICEDISTANCEUNIT,VARSERVICEDISTANCEINTERVAL,VARSERVICETIMEINTERVAL,VARMOTCLASS,VARTAXCLASS,VARVEHICLECATEGORY,VARVEDCLASS,VARENERGYTYPE,VARBODYTYPE,VARBHP,VARCOMMENT,VARSTATUS,MMTCODE,VARBADGEDENGINESIZE,VARUPDATEDATE,VARCARBON,VARIDSOURCE,VARSOURCEDATABASE,VARINSURANCE,VARPRODUCTIONSTARTYEAR,ACACODE,NAPCODE,UTICODEUPDATE,VARDTUPDATE,VAREXTERNALREF) 
values (12002,'FR','GOLFCONFLNTSI14DSG7','EUR',to_date('23-MAY-15','DD-MON-RR'),null,375,'GOLF',null,null,'G','A',null,null,null,null,null,'3','VP','03','G','COUP',150,null,'ACTIF','BLUEMOTION',null,to_date('23-MAY-15','DD-MON-RR'),119,null,null,null,2015,'NINDMA','14','ORFI',to_date('23-MAY-15','DD-MON-RR'),null);
Insert into VARYEAR (VARID,VYEYEARCODE,VYEDTSTART,VYEDTEND,VYEINSURANCE) values (12002,'2015',to_date('01-JAN-15','DD-MON-RR'),null,null);
Insert into VYEPRICE (VARID,VYEYEARCODE,VPRORDER,VPRDTSTART,DEVCODE,VPRDTEND,VPRMT,VPRCODE,VPRDTUPDATE,UTICODEUPDATE,TAXCODE,VPRMTVAT) values (12002,'2015',1,to_date('01-JAN-15','DD-MON-RR'),'EUR',null,37400,null,null,null,'ESVAT',21);
Insert into VYEIMAGE (VARID,VYEYEARCODE,VYIORDER,VYICATEGORY,VYIFILENAME,VYIORIENTATION,VYIMODELYEAR,VYIVIEWTYPE) values (12002,'0000',1,'GRANDE','vw_golf_GRANDE.png','PAYSAGE',2015,'Exterieur');

insert into LANVARIANT values (12003, 'EN', '1.6 TDI ACT BlueMotion Technology BVM 6');
Insert into VARIANT (VARID,PAYCODE,VARCODE,DEVCODE,VARDTSTART,VARDTEND,MAKID,MMOCODE,VARVEHICLESECTOR,VARDRIVETRAIN,VARFUELDELIVERY,VARTRANSMISSION,VARNBDOORS,VARSERVICEDISTANCEUNIT,VARSERVICEDISTANCEINTERVAL,VARSERVICETIMEINTERVAL,VARMOTCLASS,VARTAXCLASS,VARVEHICLECATEGORY,VARVEDCLASS,VARENERGYTYPE,VARBODYTYPE,VARBHP,VARCOMMENT,VARSTATUS,MMTCODE,VARBADGEDENGINESIZE,VARUPDATEDATE,VARCARBON,VARIDSOURCE,VARSOURCEDATABASE,VARINSURANCE,VARPRODUCTIONSTARTYEAR,ACACODE,NAPCODE,UTICODEUPDATE,VARDTUPDATE,VAREXTERNALREF) 
values (12003,'FR','GOLFCONFLNTDI16BMV6','EUR',to_date('23-MAY-15','DD-MON-RR'),null,375,'GOLF',null,null,'G','A',null,null,null,null,null,'3','VP','03','G','COUP',120,null,'ACTIF','BLUEMOTION',null,to_date('23-MAY-15','DD-MON-RR'),107,null,null,null,2015,'NINDMA','14','ORFI',to_date('23-MAY-15','DD-MON-RR'),null);
Insert into VARYEAR (VARID,VYEYEARCODE,VYEDTSTART,VYEDTEND,VYEINSURANCE) values (12003,'2015',to_date('01-JAN-15','DD-MON-RR'),null,null);
Insert into VYEPRICE (VARID,VYEYEARCODE,VPRORDER,VPRDTSTART,DEVCODE,VPRDTEND,VPRMT,VPRCODE,VPRDTUPDATE,UTICODEUPDATE,TAXCODE,VPRMTVAT) values (12003,'2015',1,to_date('01-JAN-15','DD-MON-RR'),'EUR',null,32850,null,null,null,'ESVAT',21);
Insert into VYEIMAGE (VARID,VYEYEARCODE,VYIORDER,VYICATEGORY,VYIFILENAME,VYIORIENTATION,VYIMODELYEAR,VYIVIEWTYPE) values (12003,'0000',1,'GRANDE','vw_golf_GRANDE.png','PAYSAGE',2015,'Exterieur');

insert into LANVARIANT values (12004, 'EN', '1.6 TDI ACT BlueMotion Technology DSG 7');
Insert into VARIANT (VARID,PAYCODE,VARCODE,DEVCODE,VARDTSTART,VARDTEND,MAKID,MMOCODE,VARVEHICLESECTOR,VARDRIVETRAIN,VARFUELDELIVERY,VARTRANSMISSION,VARNBDOORS,VARSERVICEDISTANCEUNIT,VARSERVICEDISTANCEINTERVAL,VARSERVICETIMEINTERVAL,VARMOTCLASS,VARTAXCLASS,VARVEHICLECATEGORY,VARVEDCLASS,VARENERGYTYPE,VARBODYTYPE,VARBHP,VARCOMMENT,VARSTATUS,MMTCODE,VARBADGEDENGINESIZE,VARUPDATEDATE,VARCARBON,VARIDSOURCE,VARSOURCEDATABASE,VARINSURANCE,VARPRODUCTIONSTARTYEAR,ACACODE,NAPCODE,UTICODEUPDATE,VARDTUPDATE,VAREXTERNALREF) 
values (12004,'FR','GOLFCONFLNTDI16DSG7','EUR',to_date('23-MAY-15','DD-MON-RR'),null,375,'GOLF',null,null,'G','A',null,null,null,null,null,'3','VP','03','G','COUP',120,null,'ACTIF','BLUEMOTION',null,to_date('23-MAY-15','DD-MON-RR'),104,null,null,null,2015,'NINDMA','14','ORFI',to_date('23-MAY-15','DD-MON-RR'),null);
Insert into VARYEAR (VARID,VYEYEARCODE,VYEDTSTART,VYEDTEND,VYEINSURANCE) values (12004,'2015',to_date('01-JAN-15','DD-MON-RR'),null,null);
Insert into VYEPRICE (VARID,VYEYEARCODE,VPRORDER,VPRDTSTART,DEVCODE,VPRDTEND,VPRMT,VPRCODE,VPRDTUPDATE,UTICODEUPDATE,TAXCODE,VPRMTVAT) values (12004,'2015',1,to_date('01-JAN-15','DD-MON-RR'),'EUR',null,34380,null,null,null,'ESVAT',21);
Insert into VYEIMAGE (VARID,VYEYEARCODE,VYIORDER,VYICATEGORY,VYIFILENAME,VYIORIENTATION,VYIMODELYEAR,VYIVIEWTYPE) values (12004,'0000',1,'GRANDE','vw_golf_GRANDE.png','PAYSAGE',2015,'Exterieur');

insert into LANVARIANT values (12005, 'EN', '2.0 TDI ACT BlueMotion Technology BVM 6');
Insert into VARIANT (VARID,PAYCODE,VARCODE,DEVCODE,VARDTSTART,VARDTEND,MAKID,MMOCODE,VARVEHICLESECTOR,VARDRIVETRAIN,VARFUELDELIVERY,VARTRANSMISSION,VARNBDOORS,VARSERVICEDISTANCEUNIT,VARSERVICEDISTANCEINTERVAL,VARSERVICETIMEINTERVAL,VARMOTCLASS,VARTAXCLASS,VARVEHICLECATEGORY,VARVEDCLASS,VARENERGYTYPE,VARBODYTYPE,VARBHP,VARCOMMENT,VARSTATUS,MMTCODE,VARBADGEDENGINESIZE,VARUPDATEDATE,VARCARBON,VARIDSOURCE,VARSOURCEDATABASE,VARINSURANCE,VARPRODUCTIONSTARTYEAR,ACACODE,NAPCODE,UTICODEUPDATE,VARDTUPDATE,VAREXTERNALREF) 
values (12005,'FR','GOLFCONFLNTDI20BVM6','EUR',to_date('23-MAY-15','DD-MON-RR'),null,375,'GOLF',null,null,'D','A',null,null,null,null,null,'3','VP','03','D','COUP',150,null,'ACTIF','BLUEMOTION',null,to_date('23-MAY-15','DD-MON-RR'),107,null,null,null,2015,'NINDMA','14','ORFI',to_date('23-MAY-15','DD-MON-RR'),null);
Insert into VARYEAR (VARID,VYEYEARCODE,VYEDTSTART,VYEDTEND,VYEINSURANCE) values (12005,'2015',to_date('01-JAN-15','DD-MON-RR'),null,null);
Insert into VYEPRICE (VARID,VYEYEARCODE,VPRORDER,VPRDTSTART,DEVCODE,VPRDTEND,VPRMT,VPRCODE,VPRDTUPDATE,UTICODEUPDATE,TAXCODE,VPRMTVAT) values (12005,'2015',1,to_date('01-JAN-15','DD-MON-RR'),'EUR',null,35050,null,null,null,'ESVAT',21);
Insert into VYEIMAGE (VARID,VYEYEARCODE,VYIORDER,VYICATEGORY,VYIFILENAME,VYIORIENTATION,VYIMODELYEAR,VYIVIEWTYPE) values (12005,'0000',1,'GRANDE','vw_golf_GRANDE.png','PAYSAGE',2015,'Exterieur');


/* TIGUAN */
Insert into VARIANT (VARID,PAYCODE,VARCODE,DEVCODE,VARDTSTART,VARDTEND,MAKID,MMOCODE,VARVEHICLESECTOR,VARDRIVETRAIN,VARFUELDELIVERY,VARTRANSMISSION,VARNBDOORS,VARSERVICEDISTANCEUNIT,VARSERVICEDISTANCEINTERVAL,VARSERVICETIMEINTERVAL,VARMOTCLASS,VARTAXCLASS,VARVEHICLECATEGORY,VARVEDCLASS,VARENERGYTYPE,VARBODYTYPE,VARBHP,VARCOMMENT,VARSTATUS,MMTCODE,VARBADGEDENGINESIZE,VARUPDATEDATE,VARCARBON,VARIDSOURCE,VARSOURCEDATABASE,VARINSURANCE,VARPRODUCTIONSTARTYEAR,ACACODE,NAPCODE,UTICODEUPDATE,VARDTUPDATE,VAREXTERNALREF) 
values (12011,'FR','TIGUANCONFLNTSI14BVM6','EUR',to_date('23-MAY-15','DD-MON-RR'),null,375,'TIGUAN',null,null,'G','A',null,null,null,null,null,'3','VP','03','G','COUP',150,null,'ACTIF','BLUEMOTION',null,to_date('23-MAY-15','DD-MON-RR'),119,null,null,null,2015,'NINDMA','14','ORFI',to_date('23-MAY-15','DD-MON-RR'),null);
insert into LANVARIANT values (12011, 'EN', '1.4 TSI ACT BlueMotion Technology BVM 6');
Insert into VARYEAR (VARID,VYEYEARCODE,VYEDTSTART,VYEDTEND,VYEINSURANCE) values (12011,'2015',to_date('01-JAN-15','DD-MON-RR'),null,null);
Insert into VYEPRICE (VARID,VYEYEARCODE,VPRORDER,VPRDTSTART,DEVCODE,VPRDTEND,VPRMT,VPRCODE,VPRDTUPDATE,UTICODEUPDATE,TAXCODE,VPRMTVAT) values (12011,'2015',1,to_date('01-JAN-15','DD-MON-RR'),'EUR',null,37400,null,null,null,'ESVAT',21);
Insert into VYEIMAGE (VARID,VYEYEARCODE,VYIORDER,VYICATEGORY,VYIFILENAME,VYIORIENTATION,VYIMODELYEAR,VYIVIEWTYPE) values (12011,'0000',1,'GRANDE','vw_tiguan_GRANDE.png','PAYSAGE',2015,'Exterieur');
Insert into VYEIMAGE (VARID,VYEYEARCODE,VYIORDER,VYICATEGORY,VYIFILENAME,VYIORIENTATION,VYIMODELYEAR,VYIVIEWTYPE) values (12011,'0000',1,'PETITE','vw_tiguan_s_GRANDE.png','PAYSAGE',2015,'Exterieur');
--delete from vyeimage where varid = '12011';

Insert into VARIANT (VARID,PAYCODE,VARCODE,DEVCODE,VARDTSTART,VARDTEND,MAKID,MMOCODE,VARVEHICLESECTOR,VARDRIVETRAIN,VARFUELDELIVERY,VARTRANSMISSION,VARNBDOORS,VARSERVICEDISTANCEUNIT,VARSERVICEDISTANCEINTERVAL,VARSERVICETIMEINTERVAL,VARMOTCLASS,VARTAXCLASS,VARVEHICLECATEGORY,VARVEDCLASS,VARENERGYTYPE,VARBODYTYPE,VARBHP,VARCOMMENT,VARSTATUS,MMTCODE,VARBADGEDENGINESIZE,VARUPDATEDATE,VARCARBON,VARIDSOURCE,VARSOURCEDATABASE,VARINSURANCE,VARPRODUCTIONSTARTYEAR,ACACODE,NAPCODE,UTICODEUPDATE,VARDTUPDATE,VAREXTERNALREF) 
values (12012,'FR','TIGUANCONFLNTSI14DSG7','EUR',to_date('23-MAY-15','DD-MON-RR'),null,375,'TIGUAN',null,null,'G','A',null,null,null,null,null,'3','VP','03','G','COUP',150,null,'ACTIF','BLUEMOTION',null,to_date('23-MAY-15','DD-MON-RR'),119,null,null,null,2015,'NINDMA','14','ORFI',to_date('23-MAY-15','DD-MON-RR'),null);
insert into LANVARIANT values (12012, 'EN', '1.4 TSI ACT BlueMotion Technology DSG 7');
Insert into VARYEAR (VARID,VYEYEARCODE,VYEDTSTART,VYEDTEND,VYEINSURANCE) values (12012,'2015',to_date('01-JAN-15','DD-MON-RR'),null,null);
Insert into VYEPRICE (VARID,VYEYEARCODE,VPRORDER,VPRDTSTART,DEVCODE,VPRDTEND,VPRMT,VPRCODE,VPRDTUPDATE,UTICODEUPDATE,TAXCODE,VPRMTVAT) values (12012,'2015',1,to_date('01-JAN-15','DD-MON-RR'),'EUR',null,37400,null,null,null,'ESVAT',21);
Insert into VYEIMAGE (VARID,VYEYEARCODE,VYIORDER,VYICATEGORY,VYIFILENAME,VYIORIENTATION,VYIMODELYEAR,VYIVIEWTYPE) values (12012,'0000',1,'GRANDE','vw_tiguan2_GRANDE.png','PAYSAGE',2015,'Exterieur');
Insert into VYEIMAGE (VARID,VYEYEARCODE,VYIORDER,VYICATEGORY,VYIFILENAME,VYIORIENTATION,VYIMODELYEAR,VYIVIEWTYPE) values (12012,'0000',1,'PETITE','vw_tiguan2_s_GRANDE.png','PAYSAGE',2015,'Exterieur');
--delete from vyeimage where varid = '12011';

Insert into VARIANT (VARID,PAYCODE,VARCODE,DEVCODE,VARDTSTART,VARDTEND,MAKID,MMOCODE,VARVEHICLESECTOR,VARDRIVETRAIN,VARFUELDELIVERY,VARTRANSMISSION,VARNBDOORS,VARSERVICEDISTANCEUNIT,VARSERVICEDISTANCEINTERVAL,VARSERVICETIMEINTERVAL,VARMOTCLASS,VARTAXCLASS,VARVEHICLECATEGORY,VARVEDCLASS,VARENERGYTYPE,VARBODYTYPE,VARBHP,VARCOMMENT,VARSTATUS,MMTCODE,VARBADGEDENGINESIZE,VARUPDATEDATE,VARCARBON,VARIDSOURCE,VARSOURCEDATABASE,VARINSURANCE,VARPRODUCTIONSTARTYEAR,ACACODE,NAPCODE,UTICODEUPDATE,VARDTUPDATE,VAREXTERNALREF) 
values (12013,'FR','TIGUANCONFLNTDI16BMV6','EUR',to_date('23-MAY-15','DD-MON-RR'),null,375,'TIGUAN',null,null,'G','A',null,null,null,null,null,'3','VP','03','G','COUP',120,null,'ACTIF','BLUEMOTION',null,to_date('23-MAY-15','DD-MON-RR'),107,null,null,null,2015,'NINDMA','14','ORFI',to_date('23-MAY-15','DD-MON-RR'),null);
insert into LANVARIANT values (12013, 'EN', '1.6 TDI ACT BlueMotion Technology BVM 6');
Insert into VARYEAR (VARID,VYEYEARCODE,VYEDTSTART,VYEDTEND,VYEINSURANCE) values (12013,'2015',to_date('01-JAN-15','DD-MON-RR'),null,null);
Insert into VYEPRICE (VARID,VYEYEARCODE,VPRORDER,VPRDTSTART,DEVCODE,VPRDTEND,VPRMT,VPRCODE,VPRDTUPDATE,UTICODEUPDATE,TAXCODE,VPRMTVAT) values (12013,'2015',1,to_date('01-JAN-15','DD-MON-RR'),'EUR',null,32850,null,null,null,'ESVAT',21);
Insert into VYEIMAGE (VARID,VYEYEARCODE,VYIORDER,VYICATEGORY,VYIFILENAME,VYIORIENTATION,VYIMODELYEAR,VYIVIEWTYPE) values (12013,'0000',1,'GRANDE','vw_tiguan_GRANDE.png','PAYSAGE',2015,'Exterieur');

Insert into VARIANT (VARID,PAYCODE,VARCODE,DEVCODE,VARDTSTART,VARDTEND,MAKID,MMOCODE,VARVEHICLESECTOR,VARDRIVETRAIN,VARFUELDELIVERY,VARTRANSMISSION,VARNBDOORS,VARSERVICEDISTANCEUNIT,VARSERVICEDISTANCEINTERVAL,VARSERVICETIMEINTERVAL,VARMOTCLASS,VARTAXCLASS,VARVEHICLECATEGORY,VARVEDCLASS,VARENERGYTYPE,VARBODYTYPE,VARBHP,VARCOMMENT,VARSTATUS,MMTCODE,VARBADGEDENGINESIZE,VARUPDATEDATE,VARCARBON,VARIDSOURCE,VARSOURCEDATABASE,VARINSURANCE,VARPRODUCTIONSTARTYEAR,ACACODE,NAPCODE,UTICODEUPDATE,VARDTUPDATE,VAREXTERNALREF) 
values (12014,'FR','TIGUANCONFLNTDI16DSG7','EUR',to_date('23-MAY-15','DD-MON-RR'),null,375,'TIGUAN',null,null,'G','A',null,null,null,null,null,'3','VP','03','G','COUP',120,null,'ACTIF','BLUEMOTION',null,to_date('23-MAY-15','DD-MON-RR'),104,null,null,null,2015,'NINDMA','14','ORFI',to_date('23-MAY-15','DD-MON-RR'),null);
insert into LANVARIANT values (12014, 'EN', '1.6 TDI ACT BlueMotion Technology DSG 7');
Insert into VARYEAR (VARID,VYEYEARCODE,VYEDTSTART,VYEDTEND,VYEINSURANCE) values (12014,'2015',to_date('01-JAN-15','DD-MON-RR'),null,null);
Insert into VYEPRICE (VARID,VYEYEARCODE,VPRORDER,VPRDTSTART,DEVCODE,VPRDTEND,VPRMT,VPRCODE,VPRDTUPDATE,UTICODEUPDATE,TAXCODE,VPRMTVAT) values (12014,'2015',1,to_date('01-JAN-15','DD-MON-RR'),'EUR',null,34380,null,null,null,'ESVAT',21);
Insert into VYEIMAGE (VARID,VYEYEARCODE,VYIORDER,VYICATEGORY,VYIFILENAME,VYIORIENTATION,VYIMODELYEAR,VYIVIEWTYPE) values (12014,'0000',1,'GRANDE','vw_tiguan_GRANDE.png','PAYSAGE',2015,'Exterieur');

Insert into VARIANT (VARID,PAYCODE,VARCODE,DEVCODE,VARDTSTART,VARDTEND,MAKID,MMOCODE,VARVEHICLESECTOR,VARDRIVETRAIN,VARFUELDELIVERY,VARTRANSMISSION,VARNBDOORS,VARSERVICEDISTANCEUNIT,VARSERVICEDISTANCEINTERVAL,VARSERVICETIMEINTERVAL,VARMOTCLASS,VARTAXCLASS,VARVEHICLECATEGORY,VARVEDCLASS,VARENERGYTYPE,VARBODYTYPE,VARBHP,VARCOMMENT,VARSTATUS,MMTCODE,VARBADGEDENGINESIZE,VARUPDATEDATE,VARCARBON,VARIDSOURCE,VARSOURCEDATABASE,VARINSURANCE,VARPRODUCTIONSTARTYEAR,ACACODE,NAPCODE,UTICODEUPDATE,VARDTUPDATE,VAREXTERNALREF) 
values (12015,'FR','TIGUANCONFLNTDI20BVM6','EUR',to_date('23-MAY-15','DD-MON-RR'),null,375,'TIGUAN',null,null,'D','A',null,null,null,null,null,'3','VP','03','D','COUP',150,null,'ACTIF','BLUEMOTION',null,to_date('23-MAY-15','DD-MON-RR'),107,null,null,null,2015,'NINDMA','14','ORFI',to_date('23-MAY-15','DD-MON-RR'),null);
insert into LANVARIANT values (12015, 'EN', '2.0 TDI ACT BlueMotion Technology BVM 6');
Insert into VARYEAR (VARID,VYEYEARCODE,VYEDTSTART,VYEDTEND,VYEINSURANCE) values (12015,'2015',to_date('01-JAN-15','DD-MON-RR'),null,null);
Insert into VYEPRICE (VARID,VYEYEARCODE,VPRORDER,VPRDTSTART,DEVCODE,VPRDTEND,VPRMT,VPRCODE,VPRDTUPDATE,UTICODEUPDATE,TAXCODE,VPRMTVAT) values (12015,'2015',1,to_date('01-JAN-15','DD-MON-RR'),'EUR',null,35050,null,null,null,'ESVAT',21);
Insert into VYEIMAGE (VARID,VYEYEARCODE,VYIORDER,VYICATEGORY,VYIFILENAME,VYIORIENTATION,VYIMODELYEAR,VYIVIEWTYPE) values (12015,'0000',1,'GRANDE','vw_tiguan_GRANDE.png','PAYSAGE',2015,'Exterieur');


/* JETTA */
Insert into VARIANT (VARID,PAYCODE,VARCODE,DEVCODE,VARDTSTART,VARDTEND,MAKID,MMOCODE,VARVEHICLESECTOR,VARDRIVETRAIN,VARFUELDELIVERY,VARTRANSMISSION,VARNBDOORS,VARSERVICEDISTANCEUNIT,VARSERVICEDISTANCEINTERVAL,VARSERVICETIMEINTERVAL,VARMOTCLASS,VARTAXCLASS,VARVEHICLECATEGORY,VARVEDCLASS,VARENERGYTYPE,VARBODYTYPE,VARBHP,VARCOMMENT,VARSTATUS,MMTCODE,VARBADGEDENGINESIZE,VARUPDATEDATE,VARCARBON,VARIDSOURCE,VARSOURCEDATABASE,VARINSURANCE,VARPRODUCTIONSTARTYEAR,ACACODE,NAPCODE,UTICODEUPDATE,VARDTUPDATE,VAREXTERNALREF) 
values (12021,'FR','JETTACONFLNTSI14BVM6','EUR',to_date('23-MAY-15','DD-MON-RR'),null,375,'JETTA',null,null,'G','A',null,null,null,null,null,'3','VP','03','G','COUP',150,null,'ACTIF','BLUEMOTION',null,to_date('23-MAY-15','DD-MON-RR'),119,null,null,null,2015,'NINDMA','14','ORFI',to_date('23-MAY-15','DD-MON-RR'),null);
insert into LANVARIANT values (12021, 'EN', '1.4 TSI ACT BlueMotion Technology BVM 6');
Insert into VARYEAR (VARID,VYEYEARCODE,VYEDTSTART,VYEDTEND,VYEINSURANCE) values (12021,'2015',to_date('01-JAN-15','DD-MON-RR'),null,null);
Insert into VYEPRICE (VARID,VYEYEARCODE,VPRORDER,VPRDTSTART,DEVCODE,VPRDTEND,VPRMT,VPRCODE,VPRDTUPDATE,UTICODEUPDATE,TAXCODE,VPRMTVAT) values (12021,'2015',1,to_date('01-JAN-15','DD-MON-RR'),'EUR',null,37400,null,null,null,'ESVAT',21);
Insert into VYEIMAGE (VARID,VYEYEARCODE,VYIORDER,VYICATEGORY,VYIFILENAME,VYIORIENTATION,VYIMODELYEAR,VYIVIEWTYPE) values (12021,'0000',1,'GRANDE','vw_jetta_GRANDE.png','PAYSAGE',2015,'Exterieur');

Insert into VARIANT (VARID,PAYCODE,VARCODE,DEVCODE,VARDTSTART,VARDTEND,MAKID,MMOCODE,VARVEHICLESECTOR,VARDRIVETRAIN,VARFUELDELIVERY,VARTRANSMISSION,VARNBDOORS,VARSERVICEDISTANCEUNIT,VARSERVICEDISTANCEINTERVAL,VARSERVICETIMEINTERVAL,VARMOTCLASS,VARTAXCLASS,VARVEHICLECATEGORY,VARVEDCLASS,VARENERGYTYPE,VARBODYTYPE,VARBHP,VARCOMMENT,VARSTATUS,MMTCODE,VARBADGEDENGINESIZE,VARUPDATEDATE,VARCARBON,VARIDSOURCE,VARSOURCEDATABASE,VARINSURANCE,VARPRODUCTIONSTARTYEAR,ACACODE,NAPCODE,UTICODEUPDATE,VARDTUPDATE,VAREXTERNALREF) 
values (12022,'FR','JETTACONFLNTSI14DSG7','EUR',to_date('23-MAY-15','DD-MON-RR'),null,375,'JETTA',null,null,'G','A',null,null,null,null,null,'3','VP','03','G','COUP',150,null,'ACTIF','BLUEMOTION',null,to_date('23-MAY-15','DD-MON-RR'),119,null,null,null,2015,'NINDMA','14','ORFI',to_date('23-MAY-15','DD-MON-RR'),null);
insert into LANVARIANT values (12022, 'EN', '1.4 TSI ACT BlueMotion Technology DSG 7');
Insert into VARYEAR (VARID,VYEYEARCODE,VYEDTSTART,VYEDTEND,VYEINSURANCE) values (12022,'2015',to_date('01-JAN-15','DD-MON-RR'),null,null);
Insert into VYEPRICE (VARID,VYEYEARCODE,VPRORDER,VPRDTSTART,DEVCODE,VPRDTEND,VPRMT,VPRCODE,VPRDTUPDATE,UTICODEUPDATE,TAXCODE,VPRMTVAT) values (12022,'2015',1,to_date('01-JAN-15','DD-MON-RR'),'EUR',null,37400,null,null,null,'ESVAT',21);
Insert into VYEIMAGE (VARID,VYEYEARCODE,VYIORDER,VYICATEGORY,VYIFILENAME,VYIORIENTATION,VYIMODELYEAR,VYIVIEWTYPE) values (12022,'0000',1,'GRANDE','vw_jetta_GRANDE.png','PAYSAGE',2015,'Exterieur');

Insert into VARIANT (VARID,PAYCODE,VARCODE,DEVCODE,VARDTSTART,VARDTEND,MAKID,MMOCODE,VARVEHICLESECTOR,VARDRIVETRAIN,VARFUELDELIVERY,VARTRANSMISSION,VARNBDOORS,VARSERVICEDISTANCEUNIT,VARSERVICEDISTANCEINTERVAL,VARSERVICETIMEINTERVAL,VARMOTCLASS,VARTAXCLASS,VARVEHICLECATEGORY,VARVEDCLASS,VARENERGYTYPE,VARBODYTYPE,VARBHP,VARCOMMENT,VARSTATUS,MMTCODE,VARBADGEDENGINESIZE,VARUPDATEDATE,VARCARBON,VARIDSOURCE,VARSOURCEDATABASE,VARINSURANCE,VARPRODUCTIONSTARTYEAR,ACACODE,NAPCODE,UTICODEUPDATE,VARDTUPDATE,VAREXTERNALREF) 
values (12023,'FR','JETTACONFLNTDI16BMV6','EUR',to_date('23-MAY-15','DD-MON-RR'),null,375,'JETTA',null,null,'G','A',null,null,null,null,null,'3','VP','03','G','COUP',120,null,'ACTIF','BLUEMOTION',null,to_date('23-MAY-15','DD-MON-RR'),107,null,null,null,2015,'NINDMA','14','ORFI',to_date('23-MAY-15','DD-MON-RR'),null);
insert into LANVARIANT values (12023, 'EN', '1.6 TDI ACT BlueMotion Technology BVM 6');
Insert into VARYEAR (VARID,VYEYEARCODE,VYEDTSTART,VYEDTEND,VYEINSURANCE) values (12023,'2015',to_date('01-JAN-15','DD-MON-RR'),null,null);
Insert into VYEPRICE (VARID,VYEYEARCODE,VPRORDER,VPRDTSTART,DEVCODE,VPRDTEND,VPRMT,VPRCODE,VPRDTUPDATE,UTICODEUPDATE,TAXCODE,VPRMTVAT) values (12023,'2015',1,to_date('01-JAN-15','DD-MON-RR'),'EUR',null,32850,null,null,null,'ESVAT',21);
Insert into VYEIMAGE (VARID,VYEYEARCODE,VYIORDER,VYICATEGORY,VYIFILENAME,VYIORIENTATION,VYIMODELYEAR,VYIVIEWTYPE) values (12023,'0000',1,'GRANDE','vw_jetta_GRANDE.png','PAYSAGE',2015,'Exterieur');

Insert into VARIANT (VARID,PAYCODE,VARCODE,DEVCODE,VARDTSTART,VARDTEND,MAKID,MMOCODE,VARVEHICLESECTOR,VARDRIVETRAIN,VARFUELDELIVERY,VARTRANSMISSION,VARNBDOORS,VARSERVICEDISTANCEUNIT,VARSERVICEDISTANCEINTERVAL,VARSERVICETIMEINTERVAL,VARMOTCLASS,VARTAXCLASS,VARVEHICLECATEGORY,VARVEDCLASS,VARENERGYTYPE,VARBODYTYPE,VARBHP,VARCOMMENT,VARSTATUS,MMTCODE,VARBADGEDENGINESIZE,VARUPDATEDATE,VARCARBON,VARIDSOURCE,VARSOURCEDATABASE,VARINSURANCE,VARPRODUCTIONSTARTYEAR,ACACODE,NAPCODE,UTICODEUPDATE,VARDTUPDATE,VAREXTERNALREF) 
values (12024,'FR','JETTACONFLNTDI16DSG7','EUR',to_date('23-MAY-15','DD-MON-RR'),null,375,'JETTA',null,null,'G','A',null,null,null,null,null,'3','VP','03','G','COUP',120,null,'ACTIF','BLUEMOTION',null,to_date('23-MAY-15','DD-MON-RR'),104,null,null,null,2015,'NINDMA','14','ORFI',to_date('23-MAY-15','DD-MON-RR'),null);
insert into LANVARIANT values (12024, 'EN', '1.6 TDI ACT BlueMotion Technology DSG 7');
Insert into VARYEAR (VARID,VYEYEARCODE,VYEDTSTART,VYEDTEND,VYEINSURANCE) values (12024,'2015',to_date('01-JAN-15','DD-MON-RR'),null,null);
Insert into VYEPRICE (VARID,VYEYEARCODE,VPRORDER,VPRDTSTART,DEVCODE,VPRDTEND,VPRMT,VPRCODE,VPRDTUPDATE,UTICODEUPDATE,TAXCODE,VPRMTVAT) values (12024,'2015',1,to_date('01-JAN-15','DD-MON-RR'),'EUR',null,34380,null,null,null,'ESVAT',21);
Insert into VYEIMAGE (VARID,VYEYEARCODE,VYIORDER,VYICATEGORY,VYIFILENAME,VYIORIENTATION,VYIMODELYEAR,VYIVIEWTYPE) values (12024,'0000',1,'GRANDE','vw_jetta_GRANDE.png','PAYSAGE',2015,'Exterieur');

Insert into VARIANT (VARID,PAYCODE,VARCODE,DEVCODE,VARDTSTART,VARDTEND,MAKID,MMOCODE,VARVEHICLESECTOR,VARDRIVETRAIN,VARFUELDELIVERY,VARTRANSMISSION,VARNBDOORS,VARSERVICEDISTANCEUNIT,VARSERVICEDISTANCEINTERVAL,VARSERVICETIMEINTERVAL,VARMOTCLASS,VARTAXCLASS,VARVEHICLECATEGORY,VARVEDCLASS,VARENERGYTYPE,VARBODYTYPE,VARBHP,VARCOMMENT,VARSTATUS,MMTCODE,VARBADGEDENGINESIZE,VARUPDATEDATE,VARCARBON,VARIDSOURCE,VARSOURCEDATABASE,VARINSURANCE,VARPRODUCTIONSTARTYEAR,ACACODE,NAPCODE,UTICODEUPDATE,VARDTUPDATE,VAREXTERNALREF) 
values (12025,'FR','JETTACONFLNTDI20BVM6','EUR',to_date('23-MAY-15','DD-MON-RR'),null,375,'JETTA',null,null,'D','A',null,null,null,null,null,'3','VP','03','D','COUP',150,null,'ACTIF','BLUEMOTION',null,to_date('23-MAY-15','DD-MON-RR'),107,null,null,null,2015,'NINDMA','14','ORFI',to_date('23-MAY-15','DD-MON-RR'),null);
insert into LANVARIANT values (12025, 'EN', '2.0 TDI ACT BlueMotion Technology BVM 6');
Insert into VARYEAR (VARID,VYEYEARCODE,VYEDTSTART,VYEDTEND,VYEINSURANCE) values (12025,'2015',to_date('01-JAN-15','DD-MON-RR'),null,null);
Insert into VYEPRICE (VARID,VYEYEARCODE,VPRORDER,VPRDTSTART,DEVCODE,VPRDTEND,VPRMT,VPRCODE,VPRDTUPDATE,UTICODEUPDATE,TAXCODE,VPRMTVAT) values (12025,'2015',1,to_date('01-JAN-15','DD-MON-RR'),'EUR',null,35050,null,null,null,'ESVAT',21);
Insert into VYEIMAGE (VARID,VYEYEARCODE,VYIORDER,VYICATEGORY,VYIFILENAME,VYIORIENTATION,VYIMODELYEAR,VYIVIEWTYPE) values (12025,'0000',1,'GRANDE','vw_jetta_GRANDE.png','PAYSAGE',2015,'Exterieur');

/* SCIROCCO */
Insert into VARIANT (VARID,PAYCODE,VARCODE,DEVCODE,VARDTSTART,VARDTEND,MAKID,MMOCODE,VARVEHICLESECTOR,VARDRIVETRAIN,VARFUELDELIVERY,VARTRANSMISSION,VARNBDOORS,VARSERVICEDISTANCEUNIT,VARSERVICEDISTANCEINTERVAL,VARSERVICETIMEINTERVAL,VARMOTCLASS,VARTAXCLASS,VARVEHICLECATEGORY,VARVEDCLASS,VARENERGYTYPE,VARBODYTYPE,VARBHP,VARCOMMENT,VARSTATUS,MMTCODE,VARBADGEDENGINESIZE,VARUPDATEDATE,VARCARBON,VARIDSOURCE,VARSOURCEDATABASE,VARINSURANCE,VARPRODUCTIONSTARTYEAR,ACACODE,NAPCODE,UTICODEUPDATE,VARDTUPDATE,VAREXTERNALREF) 
values (12031,'FR','SCIROCCOCONFLNTSI14BVM6','EUR',to_date('23-MAY-15','DD-MON-RR'),null,375,'SCIROCCO',null,null,'G','A',null,null,null,null,null,'3','VP','03','G','COUP',150,null,'ACTIF','BLUEMOTION',null,to_date('23-MAY-15','DD-MON-RR'),119,null,null,null,2015,'NINDMA','14','ORFI',to_date('23-MAY-15','DD-MON-RR'),null);
insert into LANVARIANT values (12031, 'EN', '1.4 TSI ACT BlueMotion Technology BVM 6');
Insert into VARYEAR (VARID,VYEYEARCODE,VYEDTSTART,VYEDTEND,VYEINSURANCE) values (12031,'2015',to_date('01-JAN-15','DD-MON-RR'),null,null);
Insert into VYEPRICE (VARID,VYEYEARCODE,VPRORDER,VPRDTSTART,DEVCODE,VPRDTEND,VPRMT,VPRCODE,VPRDTUPDATE,UTICODEUPDATE,TAXCODE,VPRMTVAT) values (12031,'2015',1,to_date('01-JAN-15','DD-MON-RR'),'EUR',null,37400,null,null,null,'ESVAT',21);
Insert into VYEIMAGE (VARID,VYEYEARCODE,VYIORDER,VYICATEGORY,VYIFILENAME,VYIORIENTATION,VYIMODELYEAR,VYIVIEWTYPE) values (12031,'0000',1,'GRANDE','vw_scirocco_GRANDE.png','PAYSAGE',2015,'Exterieur');

Insert into VARIANT (VARID,PAYCODE,VARCODE,DEVCODE,VARDTSTART,VARDTEND,MAKID,MMOCODE,VARVEHICLESECTOR,VARDRIVETRAIN,VARFUELDELIVERY,VARTRANSMISSION,VARNBDOORS,VARSERVICEDISTANCEUNIT,VARSERVICEDISTANCEINTERVAL,VARSERVICETIMEINTERVAL,VARMOTCLASS,VARTAXCLASS,VARVEHICLECATEGORY,VARVEDCLASS,VARENERGYTYPE,VARBODYTYPE,VARBHP,VARCOMMENT,VARSTATUS,MMTCODE,VARBADGEDENGINESIZE,VARUPDATEDATE,VARCARBON,VARIDSOURCE,VARSOURCEDATABASE,VARINSURANCE,VARPRODUCTIONSTARTYEAR,ACACODE,NAPCODE,UTICODEUPDATE,VARDTUPDATE,VAREXTERNALREF) 
values (12032,'FR','SCIROCCOCONFLNTSI14DSG7','EUR',to_date('23-MAY-15','DD-MON-RR'),null,375,'SCIROCCO',null,null,'G','A',null,null,null,null,null,'3','VP','03','G','COUP',150,null,'ACTIF','BLUEMOTION',null,to_date('23-MAY-15','DD-MON-RR'),119,null,null,null,2015,'NINDMA','14','ORFI',to_date('23-MAY-15','DD-MON-RR'),null);
insert into LANVARIANT values (12032, 'EN', '1.4 TSI ACT BlueMotion Technology DSG 7');
Insert into VARYEAR (VARID,VYEYEARCODE,VYEDTSTART,VYEDTEND,VYEINSURANCE) values (12032,'2015',to_date('01-JAN-15','DD-MON-RR'),null,null);
Insert into VYEPRICE (VARID,VYEYEARCODE,VPRORDER,VPRDTSTART,DEVCODE,VPRDTEND,VPRMT,VPRCODE,VPRDTUPDATE,UTICODEUPDATE,TAXCODE,VPRMTVAT) values (12032,'2015',1,to_date('01-JAN-15','DD-MON-RR'),'EUR',null,37400,null,null,null,'ESVAT',21);
Insert into VYEIMAGE (VARID,VYEYEARCODE,VYIORDER,VYICATEGORY,VYIFILENAME,VYIORIENTATION,VYIMODELYEAR,VYIVIEWTYPE) values (12032,'0000',1,'GRANDE','vw_scirocco_GRANDE.png','PAYSAGE',2015,'Exterieur');

Insert into VARIANT (VARID,PAYCODE,VARCODE,DEVCODE,VARDTSTART,VARDTEND,MAKID,MMOCODE,VARVEHICLESECTOR,VARDRIVETRAIN,VARFUELDELIVERY,VARTRANSMISSION,VARNBDOORS,VARSERVICEDISTANCEUNIT,VARSERVICEDISTANCEINTERVAL,VARSERVICETIMEINTERVAL,VARMOTCLASS,VARTAXCLASS,VARVEHICLECATEGORY,VARVEDCLASS,VARENERGYTYPE,VARBODYTYPE,VARBHP,VARCOMMENT,VARSTATUS,MMTCODE,VARBADGEDENGINESIZE,VARUPDATEDATE,VARCARBON,VARIDSOURCE,VARSOURCEDATABASE,VARINSURANCE,VARPRODUCTIONSTARTYEAR,ACACODE,NAPCODE,UTICODEUPDATE,VARDTUPDATE,VAREXTERNALREF) 
values (12033,'FR','SCIROCCOCONFLNTDI16BMV6','EUR',to_date('23-MAY-15','DD-MON-RR'),null,375,'SCIROCCO',null,null,'G','A',null,null,null,null,null,'3','VP','03','G','COUP',120,null,'ACTIF','BLUEMOTION',null,to_date('23-MAY-15','DD-MON-RR'),107,null,null,null,2015,'NINDMA','14','ORFI',to_date('23-MAY-15','DD-MON-RR'),null);
insert into LANVARIANT values (12033, 'EN', '1.6 TDI ACT BlueMotion Technology BVM 6');
Insert into VARYEAR (VARID,VYEYEARCODE,VYEDTSTART,VYEDTEND,VYEINSURANCE) values (12033,'2015',to_date('01-JAN-15','DD-MON-RR'),null,null);
Insert into VYEPRICE (VARID,VYEYEARCODE,VPRORDER,VPRDTSTART,DEVCODE,VPRDTEND,VPRMT,VPRCODE,VPRDTUPDATE,UTICODEUPDATE,TAXCODE,VPRMTVAT) values (12033,'2015',1,to_date('01-JAN-15','DD-MON-RR'),'EUR',null,32850,null,null,null,'ESVAT',21);
Insert into VYEIMAGE (VARID,VYEYEARCODE,VYIORDER,VYICATEGORY,VYIFILENAME,VYIORIENTATION,VYIMODELYEAR,VYIVIEWTYPE) values (12033,'0000',1,'GRANDE','vw_scirocco_GRANDE.png','PAYSAGE',2015,'Exterieur');

Insert into VARIANT (VARID,PAYCODE,VARCODE,DEVCODE,VARDTSTART,VARDTEND,MAKID,MMOCODE,VARVEHICLESECTOR,VARDRIVETRAIN,VARFUELDELIVERY,VARTRANSMISSION,VARNBDOORS,VARSERVICEDISTANCEUNIT,VARSERVICEDISTANCEINTERVAL,VARSERVICETIMEINTERVAL,VARMOTCLASS,VARTAXCLASS,VARVEHICLECATEGORY,VARVEDCLASS,VARENERGYTYPE,VARBODYTYPE,VARBHP,VARCOMMENT,VARSTATUS,MMTCODE,VARBADGEDENGINESIZE,VARUPDATEDATE,VARCARBON,VARIDSOURCE,VARSOURCEDATABASE,VARINSURANCE,VARPRODUCTIONSTARTYEAR,ACACODE,NAPCODE,UTICODEUPDATE,VARDTUPDATE,VAREXTERNALREF) 
values (12034,'FR','SCIROCCOCONFLNTDI16DSG7','EUR',to_date('23-MAY-15','DD-MON-RR'),null,375,'SCIROCCO',null,null,'G','A',null,null,null,null,null,'3','VP','03','G','COUP',120,null,'ACTIF','BLUEMOTION',null,to_date('23-MAY-15','DD-MON-RR'),104,null,null,null,2015,'NINDMA','14','ORFI',to_date('23-MAY-15','DD-MON-RR'),null);
insert into LANVARIANT values (12034, 'EN', '1.6 TDI ACT BlueMotion Technology DSG 7');
Insert into VARYEAR (VARID,VYEYEARCODE,VYEDTSTART,VYEDTEND,VYEINSURANCE) values (12034,'2015',to_date('01-JAN-15','DD-MON-RR'),null,null);
Insert into VYEPRICE (VARID,VYEYEARCODE,VPRORDER,VPRDTSTART,DEVCODE,VPRDTEND,VPRMT,VPRCODE,VPRDTUPDATE,UTICODEUPDATE,TAXCODE,VPRMTVAT) values (12034,'2015',1,to_date('01-JAN-15','DD-MON-RR'),'EUR',null,34380,null,null,null,'ESVAT',21);
Insert into VYEIMAGE (VARID,VYEYEARCODE,VYIORDER,VYICATEGORY,VYIFILENAME,VYIORIENTATION,VYIMODELYEAR,VYIVIEWTYPE) values (12034,'0000',1,'GRANDE','vw_scirocco_GRANDE.png','PAYSAGE',2015,'Exterieur');

Insert into VARIANT (VARID,PAYCODE,VARCODE,DEVCODE,VARDTSTART,VARDTEND,MAKID,MMOCODE,VARVEHICLESECTOR,VARDRIVETRAIN,VARFUELDELIVERY,VARTRANSMISSION,VARNBDOORS,VARSERVICEDISTANCEUNIT,VARSERVICEDISTANCEINTERVAL,VARSERVICETIMEINTERVAL,VARMOTCLASS,VARTAXCLASS,VARVEHICLECATEGORY,VARVEDCLASS,VARENERGYTYPE,VARBODYTYPE,VARBHP,VARCOMMENT,VARSTATUS,MMTCODE,VARBADGEDENGINESIZE,VARUPDATEDATE,VARCARBON,VARIDSOURCE,VARSOURCEDATABASE,VARINSURANCE,VARPRODUCTIONSTARTYEAR,ACACODE,NAPCODE,UTICODEUPDATE,VARDTUPDATE,VAREXTERNALREF) 
values (12035,'FR','SCIROCCOCONFLNTDI20BVM6','EUR',to_date('23-MAY-15','DD-MON-RR'),null,375,'SCIROCCO',null,null,'D','A',null,null,null,null,null,'3','VP','03','D','COUP',150,null,'ACTIF','BLUEMOTION',null,to_date('23-MAY-15','DD-MON-RR'),107,null,null,null,2015,'NINDMA','14','ORFI',to_date('23-MAY-15','DD-MON-RR'),null);
insert into LANVARIANT values (12035, 'EN', '2.0 TDI ACT BlueMotion Technology BVM 6');
Insert into VARYEAR (VARID,VYEYEARCODE,VYEDTSTART,VYEDTEND,VYEINSURANCE) values (12035,'2015',to_date('01-JAN-15','DD-MON-RR'),null,null);
Insert into VYEPRICE (VARID,VYEYEARCODE,VPRORDER,VPRDTSTART,DEVCODE,VPRDTEND,VPRMT,VPRCODE,VPRDTUPDATE,UTICODEUPDATE,TAXCODE,VPRMTVAT) values (12035,'2015',1,to_date('01-JAN-15','DD-MON-RR'),'EUR',null,35050,null,null,null,'ESVAT',21);
Insert into VYEIMAGE (VARID,VYEYEARCODE,VYIORDER,VYICATEGORY,VYIFILENAME,VYIORIENTATION,VYIMODELYEAR,VYIVIEWTYPE) values (12035,'0000',1,'GRANDE','vw_scirocco_GRANDE.png','PAYSAGE',2015,'Exterieur');


/* TOUAREG */
Insert into VARIANT (VARID,PAYCODE,VARCODE,DEVCODE,VARDTSTART,VARDTEND,MAKID,MMOCODE,VARVEHICLESECTOR,VARDRIVETRAIN,VARFUELDELIVERY,VARTRANSMISSION,VARNBDOORS,VARSERVICEDISTANCEUNIT,VARSERVICEDISTANCEINTERVAL,VARSERVICETIMEINTERVAL,VARMOTCLASS,VARTAXCLASS,VARVEHICLECATEGORY,VARVEDCLASS,VARENERGYTYPE,VARBODYTYPE,VARBHP,VARCOMMENT,VARSTATUS,MMTCODE,VARBADGEDENGINESIZE,VARUPDATEDATE,VARCARBON,VARIDSOURCE,VARSOURCEDATABASE,VARINSURANCE,VARPRODUCTIONSTARTYEAR,ACACODE,NAPCODE,UTICODEUPDATE,VARDTUPDATE,VAREXTERNALREF) 
values (12041,'FR','TOUAREGCONFLNTSI14BVM6','EUR',to_date('23-MAY-15','DD-MON-RR'),null,375,'TOUAREG',null,null,'G','A',null,null,null,null,null,'3','VP','03','G','COUP',150,null,'ACTIF','BLUEMOTION',null,to_date('23-MAY-15','DD-MON-RR'),119,null,null,null,2015,'NINDMA','14','ORFI',to_date('23-MAY-15','DD-MON-RR'),null);
insert into LANVARIANT values (12041, 'EN', '1.4 TSI ACT BlueMotion Technology BVM 6');
Insert into VARYEAR (VARID,VYEYEARCODE,VYEDTSTART,VYEDTEND,VYEINSURANCE) values (12041,'2015',to_date('01-JAN-15','DD-MON-RR'),null,null);
Insert into VYEPRICE (VARID,VYEYEARCODE,VPRORDER,VPRDTSTART,DEVCODE,VPRDTEND,VPRMT,VPRCODE,VPRDTUPDATE,UTICODEUPDATE,TAXCODE,VPRMTVAT) values (12041,'2015',1,to_date('01-JAN-15','DD-MON-RR'),'EUR',null,37400,null,null,null,'ESVAT',21);
Insert into VYEIMAGE (VARID,VYEYEARCODE,VYIORDER,VYICATEGORY,VYIFILENAME,VYIORIENTATION,VYIMODELYEAR,VYIVIEWTYPE) values (12041,'0000',1,'GRANDE','vw_touareg_GRANDE.png','PAYSAGE',2015,'Exterieur');

Insert into VARIANT (VARID,PAYCODE,VARCODE,DEVCODE,VARDTSTART,VARDTEND,MAKID,MMOCODE,VARVEHICLESECTOR,VARDRIVETRAIN,VARFUELDELIVERY,VARTRANSMISSION,VARNBDOORS,VARSERVICEDISTANCEUNIT,VARSERVICEDISTANCEINTERVAL,VARSERVICETIMEINTERVAL,VARMOTCLASS,VARTAXCLASS,VARVEHICLECATEGORY,VARVEDCLASS,VARENERGYTYPE,VARBODYTYPE,VARBHP,VARCOMMENT,VARSTATUS,MMTCODE,VARBADGEDENGINESIZE,VARUPDATEDATE,VARCARBON,VARIDSOURCE,VARSOURCEDATABASE,VARINSURANCE,VARPRODUCTIONSTARTYEAR,ACACODE,NAPCODE,UTICODEUPDATE,VARDTUPDATE,VAREXTERNALREF) 
values (12042,'FR','TOUAREGCONFLNTSI14DSG7','EUR',to_date('23-MAY-15','DD-MON-RR'),null,375,'TOUAREG',null,null,'G','A',null,null,null,null,null,'3','VP','03','G','COUP',150,null,'ACTIF','BLUEMOTION',null,to_date('23-MAY-15','DD-MON-RR'),119,null,null,null,2015,'NINDMA','14','ORFI',to_date('23-MAY-15','DD-MON-RR'),null);
insert into LANVARIANT values (12042, 'EN', '1.4 TSI ACT BlueMotion Technology DSG 7');
Insert into VARYEAR (VARID,VYEYEARCODE,VYEDTSTART,VYEDTEND,VYEINSURANCE) values (12042,'2015',to_date('01-JAN-15','DD-MON-RR'),null,null);
Insert into VYEPRICE (VARID,VYEYEARCODE,VPRORDER,VPRDTSTART,DEVCODE,VPRDTEND,VPRMT,VPRCODE,VPRDTUPDATE,UTICODEUPDATE,TAXCODE,VPRMTVAT) values (12042,'2015',1,to_date('01-JAN-15','DD-MON-RR'),'EUR',null,37400,null,null,null,'ESVAT',21);
Insert into VYEIMAGE (VARID,VYEYEARCODE,VYIORDER,VYICATEGORY,VYIFILENAME,VYIORIENTATION,VYIMODELYEAR,VYIVIEWTYPE) values (12042,'0000',1,'GRANDE','vw_touareg_GRANDE.png','PAYSAGE',2015,'Exterieur');

Insert into VARIANT (VARID,PAYCODE,VARCODE,DEVCODE,VARDTSTART,VARDTEND,MAKID,MMOCODE,VARVEHICLESECTOR,VARDRIVETRAIN,VARFUELDELIVERY,VARTRANSMISSION,VARNBDOORS,VARSERVICEDISTANCEUNIT,VARSERVICEDISTANCEINTERVAL,VARSERVICETIMEINTERVAL,VARMOTCLASS,VARTAXCLASS,VARVEHICLECATEGORY,VARVEDCLASS,VARENERGYTYPE,VARBODYTYPE,VARBHP,VARCOMMENT,VARSTATUS,MMTCODE,VARBADGEDENGINESIZE,VARUPDATEDATE,VARCARBON,VARIDSOURCE,VARSOURCEDATABASE,VARINSURANCE,VARPRODUCTIONSTARTYEAR,ACACODE,NAPCODE,UTICODEUPDATE,VARDTUPDATE,VAREXTERNALREF) 
values (12043,'FR','TOUAREGCONFLNTDI16BMV6','EUR',to_date('23-MAY-15','DD-MON-RR'),null,375,'TOUAREG',null,null,'G','A',null,null,null,null,null,'3','VP','03','G','COUP',120,null,'ACTIF','BLUEMOTION',null,to_date('23-MAY-15','DD-MON-RR'),107,null,null,null,2015,'NINDMA','14','ORFI',to_date('23-MAY-15','DD-MON-RR'),null);
insert into LANVARIANT values (12043, 'EN', '1.6 TDI ACT BlueMotion Technology BVM 6');
Insert into VARYEAR (VARID,VYEYEARCODE,VYEDTSTART,VYEDTEND,VYEINSURANCE) values (12043,'2015',to_date('01-JAN-15','DD-MON-RR'),null,null);
Insert into VYEPRICE (VARID,VYEYEARCODE,VPRORDER,VPRDTSTART,DEVCODE,VPRDTEND,VPRMT,VPRCODE,VPRDTUPDATE,UTICODEUPDATE,TAXCODE,VPRMTVAT) values (12043,'2015',1,to_date('01-JAN-15','DD-MON-RR'),'EUR',null,32850,null,null,null,'ESVAT',21);
Insert into VYEIMAGE (VARID,VYEYEARCODE,VYIORDER,VYICATEGORY,VYIFILENAME,VYIORIENTATION,VYIMODELYEAR,VYIVIEWTYPE) values (12043,'0000',1,'GRANDE','vw_touareg_GRANDE.png','PAYSAGE',2015,'Exterieur');

Insert into VARIANT (VARID,PAYCODE,VARCODE,DEVCODE,VARDTSTART,VARDTEND,MAKID,MMOCODE,VARVEHICLESECTOR,VARDRIVETRAIN,VARFUELDELIVERY,VARTRANSMISSION,VARNBDOORS,VARSERVICEDISTANCEUNIT,VARSERVICEDISTANCEINTERVAL,VARSERVICETIMEINTERVAL,VARMOTCLASS,VARTAXCLASS,VARVEHICLECATEGORY,VARVEDCLASS,VARENERGYTYPE,VARBODYTYPE,VARBHP,VARCOMMENT,VARSTATUS,MMTCODE,VARBADGEDENGINESIZE,VARUPDATEDATE,VARCARBON,VARIDSOURCE,VARSOURCEDATABASE,VARINSURANCE,VARPRODUCTIONSTARTYEAR,ACACODE,NAPCODE,UTICODEUPDATE,VARDTUPDATE,VAREXTERNALREF) 
values (12044,'FR','TOUAREGCONFLNTDI16DSG7','EUR',to_date('23-MAY-15','DD-MON-RR'),null,375,'TOUAREG',null,null,'G','A',null,null,null,null,null,'3','VP','03','G','COUP',120,null,'ACTIF','BLUEMOTION',null,to_date('23-MAY-15','DD-MON-RR'),104,null,null,null,2015,'NINDMA','14','ORFI',to_date('23-MAY-15','DD-MON-RR'),null);
insert into LANVARIANT values (12044, 'EN', '1.6 TDI ACT BlueMotion Technology DSG 7');
Insert into VARYEAR (VARID,VYEYEARCODE,VYEDTSTART,VYEDTEND,VYEINSURANCE) values (12044,'2015',to_date('01-JAN-15','DD-MON-RR'),null,null);
Insert into VYEPRICE (VARID,VYEYEARCODE,VPRORDER,VPRDTSTART,DEVCODE,VPRDTEND,VPRMT,VPRCODE,VPRDTUPDATE,UTICODEUPDATE,TAXCODE,VPRMTVAT) values (12044,'2015',1,to_date('01-JAN-15','DD-MON-RR'),'EUR',null,34380,null,null,null,'ESVAT',21);
Insert into VYEIMAGE (VARID,VYEYEARCODE,VYIORDER,VYICATEGORY,VYIFILENAME,VYIORIENTATION,VYIMODELYEAR,VYIVIEWTYPE) values (12044,'0000',1,'GRANDE','vw_touareg_GRANDE.png','PAYSAGE',2015,'Exterieur');

Insert into VARIANT (VARID,PAYCODE,VARCODE,DEVCODE,VARDTSTART,VARDTEND,MAKID,MMOCODE,VARVEHICLESECTOR,VARDRIVETRAIN,VARFUELDELIVERY,VARTRANSMISSION,VARNBDOORS,VARSERVICEDISTANCEUNIT,VARSERVICEDISTANCEINTERVAL,VARSERVICETIMEINTERVAL,VARMOTCLASS,VARTAXCLASS,VARVEHICLECATEGORY,VARVEDCLASS,VARENERGYTYPE,VARBODYTYPE,VARBHP,VARCOMMENT,VARSTATUS,MMTCODE,VARBADGEDENGINESIZE,VARUPDATEDATE,VARCARBON,VARIDSOURCE,VARSOURCEDATABASE,VARINSURANCE,VARPRODUCTIONSTARTYEAR,ACACODE,NAPCODE,UTICODEUPDATE,VARDTUPDATE,VAREXTERNALREF) 
values (12045,'FR','TOUAREGCONFLNTDI20BVM6','EUR',to_date('23-MAY-15','DD-MON-RR'),null,375,'TOUAREG',null,null,'D','A',null,null,null,null,null,'3','VP','03','D','COUP',150,null,'ACTIF','BLUEMOTION',null,to_date('23-MAY-15','DD-MON-RR'),107,null,null,null,2015,'NINDMA','14','ORFI',to_date('23-MAY-15','DD-MON-RR'),null);
insert into LANVARIANT values (12045, 'EN', '2.0 TDI ACT BlueMotion Technology BVM 6');
Insert into VARYEAR (VARID,VYEYEARCODE,VYEDTSTART,VYEDTEND,VYEINSURANCE) values (12045,'2015',to_date('01-JAN-15','DD-MON-RR'),null,null);
Insert into VYEPRICE (VARID,VYEYEARCODE,VPRORDER,VPRDTSTART,DEVCODE,VPRDTEND,VPRMT,VPRCODE,VPRDTUPDATE,UTICODEUPDATE,TAXCODE,VPRMTVAT) values (12045,'2015',1,to_date('01-JAN-15','DD-MON-RR'),'EUR',null,35050,null,null,null,'ESVAT',21);
Insert into VYEIMAGE (VARID,VYEYEARCODE,VYIORDER,VYICATEGORY,VYIFILENAME,VYIORIENTATION,VYIMODELYEAR,VYIVIEWTYPE) values (12045,'0000',1,'GRANDE','vw_touareg_GRANDE.png','PAYSAGE',2015,'Exterieur');



/* BEETLE */
Insert into VARIANT (VARID,PAYCODE,VARCODE,DEVCODE,VARDTSTART,VARDTEND,MAKID,MMOCODE,VARVEHICLESECTOR,VARDRIVETRAIN,VARFUELDELIVERY,VARTRANSMISSION,VARNBDOORS,VARSERVICEDISTANCEUNIT,VARSERVICEDISTANCEINTERVAL,VARSERVICETIMEINTERVAL,VARMOTCLASS,VARTAXCLASS,VARVEHICLECATEGORY,VARVEDCLASS,VARENERGYTYPE,VARBODYTYPE,VARBHP,VARCOMMENT,VARSTATUS,MMTCODE,VARBADGEDENGINESIZE,VARUPDATEDATE,VARCARBON,VARIDSOURCE,VARSOURCEDATABASE,VARINSURANCE,VARPRODUCTIONSTARTYEAR,ACACODE,NAPCODE,UTICODEUPDATE,VARDTUPDATE,VAREXTERNALREF) 
values (12051,'FR','BEETLECONFLNTSI14BVM6','EUR',to_date('23-MAY-15','DD-MON-RR'),null,375,'BEETLE',null,null,'G','A',null,null,null,null,null,'3','VP','03','G','COUP',150,null,'ACTIF','BLUEMOTION',null,to_date('23-MAY-15','DD-MON-RR'),119,null,null,null,2015,'NINDMA','14','ORFI',to_date('23-MAY-15','DD-MON-RR'),null);
insert into LANVARIANT values (12051, 'EN', '1.4 TSI ACT BlueMotion Technology BVM 6');
Insert into VARYEAR (VARID,VYEYEARCODE,VYEDTSTART,VYEDTEND,VYEINSURANCE) values (12051,'2015',to_date('01-JAN-15','DD-MON-RR'),null,null);
Insert into VYEPRICE (VARID,VYEYEARCODE,VPRORDER,VPRDTSTART,DEVCODE,VPRDTEND,VPRMT,VPRCODE,VPRDTUPDATE,UTICODEUPDATE,TAXCODE,VPRMTVAT) values (12051,'2015',1,to_date('01-JAN-15','DD-MON-RR'),'EUR',null,37400,null,null,null,'ESVAT',21);
Insert into VYEIMAGE (VARID,VYEYEARCODE,VYIORDER,VYICATEGORY,VYIFILENAME,VYIORIENTATION,VYIMODELYEAR,VYIVIEWTYPE) values (12051,'0000',1,'GRANDE','vw_beetle_GRANDE.png','PAYSAGE',2015,'Exterieur');

Insert into VARIANT (VARID,PAYCODE,VARCODE,DEVCODE,VARDTSTART,VARDTEND,MAKID,MMOCODE,VARVEHICLESECTOR,VARDRIVETRAIN,VARFUELDELIVERY,VARTRANSMISSION,VARNBDOORS,VARSERVICEDISTANCEUNIT,VARSERVICEDISTANCEINTERVAL,VARSERVICETIMEINTERVAL,VARMOTCLASS,VARTAXCLASS,VARVEHICLECATEGORY,VARVEDCLASS,VARENERGYTYPE,VARBODYTYPE,VARBHP,VARCOMMENT,VARSTATUS,MMTCODE,VARBADGEDENGINESIZE,VARUPDATEDATE,VARCARBON,VARIDSOURCE,VARSOURCEDATABASE,VARINSURANCE,VARPRODUCTIONSTARTYEAR,ACACODE,NAPCODE,UTICODEUPDATE,VARDTUPDATE,VAREXTERNALREF) 
values (12052,'FR','BEETLECONFLNTSI14DSG7','EUR',to_date('23-MAY-15','DD-MON-RR'),null,375,'BEETLE',null,null,'G','A',null,null,null,null,null,'3','VP','03','G','COUP',150,null,'ACTIF','BLUEMOTION',null,to_date('23-MAY-15','DD-MON-RR'),119,null,null,null,2015,'NINDMA','14','ORFI',to_date('23-MAY-15','DD-MON-RR'),null);
insert into LANVARIANT values (12052, 'EN', '1.4 TSI ACT BlueMotion Technology DSG 7');
Insert into VARYEAR (VARID,VYEYEARCODE,VYEDTSTART,VYEDTEND,VYEINSURANCE) values (12052,'2015',to_date('01-JAN-15','DD-MON-RR'),null,null);
Insert into VYEPRICE (VARID,VYEYEARCODE,VPRORDER,VPRDTSTART,DEVCODE,VPRDTEND,VPRMT,VPRCODE,VPRDTUPDATE,UTICODEUPDATE,TAXCODE,VPRMTVAT) values (12052,'2015',1,to_date('01-JAN-15','DD-MON-RR'),'EUR',null,37400,null,null,null,'ESVAT',21);
Insert into VYEIMAGE (VARID,VYEYEARCODE,VYIORDER,VYICATEGORY,VYIFILENAME,VYIORIENTATION,VYIMODELYEAR,VYIVIEWTYPE) values (12052,'0000',1,'GRANDE','vw_beetle_GRANDE.png','PAYSAGE',2015,'Exterieur');

Insert into VARIANT (VARID,PAYCODE,VARCODE,DEVCODE,VARDTSTART,VARDTEND,MAKID,MMOCODE,VARVEHICLESECTOR,VARDRIVETRAIN,VARFUELDELIVERY,VARTRANSMISSION,VARNBDOORS,VARSERVICEDISTANCEUNIT,VARSERVICEDISTANCEINTERVAL,VARSERVICETIMEINTERVAL,VARMOTCLASS,VARTAXCLASS,VARVEHICLECATEGORY,VARVEDCLASS,VARENERGYTYPE,VARBODYTYPE,VARBHP,VARCOMMENT,VARSTATUS,MMTCODE,VARBADGEDENGINESIZE,VARUPDATEDATE,VARCARBON,VARIDSOURCE,VARSOURCEDATABASE,VARINSURANCE,VARPRODUCTIONSTARTYEAR,ACACODE,NAPCODE,UTICODEUPDATE,VARDTUPDATE,VAREXTERNALREF) 
values (12053,'FR','BEETLECONFLNTDI16BMV6','EUR',to_date('23-MAY-15','DD-MON-RR'),null,375,'BEETLE',null,null,'G','A',null,null,null,null,null,'3','VP','03','G','COUP',120,null,'ACTIF','BLUEMOTION',null,to_date('23-MAY-15','DD-MON-RR'),107,null,null,null,2015,'NINDMA','14','ORFI',to_date('23-MAY-15','DD-MON-RR'),null);
insert into LANVARIANT values (12053, 'EN', '1.6 TDI ACT BlueMotion Technology BVM 6');
Insert into VARYEAR (VARID,VYEYEARCODE,VYEDTSTART,VYEDTEND,VYEINSURANCE) values (12053,'2015',to_date('01-JAN-15','DD-MON-RR'),null,null);
Insert into VYEPRICE (VARID,VYEYEARCODE,VPRORDER,VPRDTSTART,DEVCODE,VPRDTEND,VPRMT,VPRCODE,VPRDTUPDATE,UTICODEUPDATE,TAXCODE,VPRMTVAT) values (12053,'2015',1,to_date('01-JAN-15','DD-MON-RR'),'EUR',null,32850,null,null,null,'ESVAT',21);
Insert into VYEIMAGE (VARID,VYEYEARCODE,VYIORDER,VYICATEGORY,VYIFILENAME,VYIORIENTATION,VYIMODELYEAR,VYIVIEWTYPE) values (12053,'0000',1,'GRANDE','vw_beetle_GRANDE.png','PAYSAGE',2015,'Exterieur');

Insert into VARIANT (VARID,PAYCODE,VARCODE,DEVCODE,VARDTSTART,VARDTEND,MAKID,MMOCODE,VARVEHICLESECTOR,VARDRIVETRAIN,VARFUELDELIVERY,VARTRANSMISSION,VARNBDOORS,VARSERVICEDISTANCEUNIT,VARSERVICEDISTANCEINTERVAL,VARSERVICETIMEINTERVAL,VARMOTCLASS,VARTAXCLASS,VARVEHICLECATEGORY,VARVEDCLASS,VARENERGYTYPE,VARBODYTYPE,VARBHP,VARCOMMENT,VARSTATUS,MMTCODE,VARBADGEDENGINESIZE,VARUPDATEDATE,VARCARBON,VARIDSOURCE,VARSOURCEDATABASE,VARINSURANCE,VARPRODUCTIONSTARTYEAR,ACACODE,NAPCODE,UTICODEUPDATE,VARDTUPDATE,VAREXTERNALREF) 
values (12054,'FR','BEETLECONFLNTDI16DSG7','EUR',to_date('23-MAY-15','DD-MON-RR'),null,375,'BEETLE',null,null,'G','A',null,null,null,null,null,'3','VP','03','G','COUP',120,null,'ACTIF','BLUEMOTION',null,to_date('23-MAY-15','DD-MON-RR'),104,null,null,null,2015,'NINDMA','14','ORFI',to_date('23-MAY-15','DD-MON-RR'),null);
insert into LANVARIANT values (12054, 'EN', '1.6 TDI ACT BlueMotion Technology DSG 7');
Insert into VARYEAR (VARID,VYEYEARCODE,VYEDTSTART,VYEDTEND,VYEINSURANCE) values (12054,'2015',to_date('01-JAN-15','DD-MON-RR'),null,null);
Insert into VYEPRICE (VARID,VYEYEARCODE,VPRORDER,VPRDTSTART,DEVCODE,VPRDTEND,VPRMT,VPRCODE,VPRDTUPDATE,UTICODEUPDATE,TAXCODE,VPRMTVAT) values (12054,'2015',1,to_date('01-JAN-15','DD-MON-RR'),'EUR',null,34380,null,null,null,'ESVAT',21);
Insert into VYEIMAGE (VARID,VYEYEARCODE,VYIORDER,VYICATEGORY,VYIFILENAME,VYIORIENTATION,VYIMODELYEAR,VYIVIEWTYPE) values (12054,'0000',1,'GRANDE','vw_beetle_GRANDE.png','PAYSAGE',2015,'Exterieur');

Insert into VARIANT (VARID,PAYCODE,VARCODE,DEVCODE,VARDTSTART,VARDTEND,MAKID,MMOCODE,VARVEHICLESECTOR,VARDRIVETRAIN,VARFUELDELIVERY,VARTRANSMISSION,VARNBDOORS,VARSERVICEDISTANCEUNIT,VARSERVICEDISTANCEINTERVAL,VARSERVICETIMEINTERVAL,VARMOTCLASS,VARTAXCLASS,VARVEHICLECATEGORY,VARVEDCLASS,VARENERGYTYPE,VARBODYTYPE,VARBHP,VARCOMMENT,VARSTATUS,MMTCODE,VARBADGEDENGINESIZE,VARUPDATEDATE,VARCARBON,VARIDSOURCE,VARSOURCEDATABASE,VARINSURANCE,VARPRODUCTIONSTARTYEAR,ACACODE,NAPCODE,UTICODEUPDATE,VARDTUPDATE,VAREXTERNALREF) 
values (12055,'FR','BEETLECONFLNTDI20BVM6','EUR',to_date('23-MAY-15','DD-MON-RR'),null,375,'BEETLE',null,null,'D','A',null,null,null,null,null,'3','VP','03','D','COUP',150,null,'ACTIF','BLUEMOTION',null,to_date('23-MAY-15','DD-MON-RR'),107,null,null,null,2015,'NINDMA','14','ORFI',to_date('23-MAY-15','DD-MON-RR'),null);
insert into LANVARIANT values (12055, 'EN', '2.0 TDI ACT BlueMotion Technology BVM 6');
Insert into VARYEAR (VARID,VYEYEARCODE,VYEDTSTART,VYEDTEND,VYEINSURANCE) values (12055,'2015',to_date('01-JAN-15','DD-MON-RR'),null,null);
Insert into VYEPRICE (VARID,VYEYEARCODE,VPRORDER,VPRDTSTART,DEVCODE,VPRDTEND,VPRMT,VPRCODE,VPRDTUPDATE,UTICODEUPDATE,TAXCODE,VPRMTVAT) values (12055,'2015',1,to_date('01-JAN-15','DD-MON-RR'),'EUR',null,35050,null,null,null,'ESVAT',21);
Insert into VYEIMAGE (VARID,VYEYEARCODE,VYIORDER,VYICATEGORY,VYIFILENAME,VYIORIENTATION,VYIMODELYEAR,VYIVIEWTYPE) values (12055,'0000',1,'GRANDE','vw_beetle_GRANDE.png','PAYSAGE',2015,'Exterieur');

Insert into VARIANT (VARID,PAYCODE,VARCODE,DEVCODE,VARDTSTART,VARDTEND,MAKID,MMOCODE,VARVEHICLESECTOR,VARDRIVETRAIN,VARFUELDELIVERY,VARTRANSMISSION,VARNBDOORS,VARSERVICEDISTANCEUNIT,VARSERVICEDISTANCEINTERVAL,VARSERVICETIMEINTERVAL,VARMOTCLASS,VARTAXCLASS,VARVEHICLECATEGORY,VARVEDCLASS,VARENERGYTYPE,VARBODYTYPE,VARBHP,VARCOMMENT,VARSTATUS,MMTCODE,VARBADGEDENGINESIZE,VARUPDATEDATE,VARCARBON,VARIDSOURCE,VARSOURCEDATABASE,VARINSURANCE,VARPRODUCTIONSTARTYEAR,ACACODE,NAPCODE,UTICODEUPDATE,VARDTUPDATE,VAREXTERNALREF) 
values (12055,'FR','BEETLECONFLNTDI20BVM6','EUR',to_date('23-MAY-15','DD-MON-RR'),null,375,'BEETLE',null,null,'D','A',null,null,null,null,null,'3','VP','03','D','COUP',150,null,'ACTIF','BLUEMOTION',null,to_date('23-MAY-15','DD-MON-RR'),107,null,null,null,2015,'NINDMA','14','ORFI',to_date('23-MAY-15','DD-MON-RR'),null);
insert into LANVARIANT values (12055, 'EN', '2.0 TDI ACT BlueMotion Technology BVM 6');
Insert into VARYEAR (VARID,VYEYEARCODE,VYEDTSTART,VYEDTEND,VYEINSURANCE) values (12055,'2015',to_date('01-JAN-15','DD-MON-RR'),null,null);
Insert into VYEPRICE (VARID,VYEYEARCODE,VPRORDER,VPRDTSTART,DEVCODE,VPRDTEND,VPRMT,VPRCODE,VPRDTUPDATE,UTICODEUPDATE,TAXCODE,VPRMTVAT) values (12055,'2015',1,to_date('01-JAN-15','DD-MON-RR'),'EUR',null,35050,null,null,null,'ESVAT',21);
Insert into VYEIMAGE (VARID,VYEYEARCODE,VYIORDER,VYICATEGORY,VYIFILENAME,VYIORIENTATION,VYIMODELYEAR,VYIVIEWTYPE) values (12055,'0000',1,'GRANDE','vw_beetle_GRANDE.png','PAYSAGE',2015,'Exterieur');

/*

select * from VYEIMAGE where (varid > '12000' and varid < '12010') or varid = '11488' order by varid;
--update VYEIMAGE set VYIFILENAME='vw_passat_GRANDE.png' where varid = '11488';
--Insert into VYEIMAGE (VARID,VYEYEARCODE,VYIORDER,VYICATEGORY,VYIFILENAME,VYIORIENTATION,VYIMODELYEAR,VYIVIEWTYPE) values (11649,'0000',1,'GRANDE','vw_passat_GRANDE.png','PAYSAGE',2015,'Exterieur');
select * from lanvariant where varid = '11649';
--update lanvariant set varlibelle = 'ConfortLine Business 2.0 TDI ACT DSG 7' where varid = '11649';
--delete from VYEIMAGE where varid > '12000' and varid < '12010' order by varid;



SELECT DISTINCT *
       FROM VYEPRICE VYEPRICE, MAKE MAKE, LANMAKMODEL LANMAKMODEL, VARYEAR VARYEAR, LANMAKE LANMAKE, LANVARIANT LANVARIANT, VARIANT VARIANT
  WHERE  1 = 1 
 AND VARYEAR.VARID  = VYEPRICE.VARID  
 AND VARYEAR.VYEYEARCODE  = VYEPRICE.VYEYEARCODE  
 AND VYEPRICE.VARID (+) = VARIANT.VARID 
 AND VYEPRICE.VPRDTEND is null 
AND MAKE.MAKID = VARIANT.MAKID 
AND ( VARYEAR.VYEDTEND IS NULL OR VARYEAR.VYEDTEND > Trunc( SYSDATE ) ) 
AND LANVARIANT.VARID  = VARIANT.VARID 
AND LANVARIANT.LANCODE  = 'EN'
AND LANMAKE.MAKID (+) = VARIANT.MAKID 
AND LANMAKE.LANCODE (+)  = 'EN'
AND LANMAKMODEL.MMOCODE (+)  = VARIANT.MMOCODE 
AND LANMAKMODEL.MAKID  (+) = VARIANT.MAKID 
AND LANMAKMODEL.LANCODE (+) = 'EN'
AND VARIANT.MAKID = 375 AND VARIANT.MMOCODE = 'JETTA' AND VARIANT.MMTCODE = 'BLUEMOTION' AND ROWNUM < 101


select lmod.mmolibelle || ' ' || lvar.varlibelle, var.varid, var.mmocode, var.* 
from variant var
inner join LANVARIANT lvar on lvar.VARID  = var.VARID AND lvar.LANCODE  = 'EN'
inner join make mak on mak.makid = var.makid
inner join makmodel mod on var.mmocode = mod.mmocode
inner join lanmakmodel lmod on lmod.mmocode = mod.mmocode and lmod.lancode = 'EN'
where var.makid = 375 and lmod.mmolibelle <> 'VW Model' and var.varid <> '11719';


select varlibelle from variant 
inner join lanvariant on variant.varid = lanvariant.varid
where variant.varid = '11488';


update lanvariant l set l.varlibelle = (
select lmod.mmolibelle || ' ' || lvar.varlibelle
from variant var
inner join LANVARIANT lvar on lvar.VARID  = var.VARID AND lvar.LANCODE  = 'EN'
inner join make mak on mak.makid = var.makid
inner join makmodel mod on var.mmocode = mod.mmocode
inner join lanmakmodel lmod on lmod.mmocode = mod.mmocode and lmod.lancode = 'EN'
where l.varid = lvar.varid
)
where l.varid in (
select var.varid 
from variant var
inner join LANVARIANT lvar on lvar.VARID  = var.VARID AND lvar.LANCODE  = 'EN'
inner join make mak on mak.makid = var.makid
inner join makmodel mod on var.mmocode = mod.mmocode
inner join lanmakmodel lmod on lmod.mmocode = mod.mmocode and lmod.lancode = 'EN'
where var.makid = 375 and lmod.mmolibelle <> 'VW Model' and var.varid <> '11719'
)




SELECT DISTINCT VARIANT.VARID                   VARID,
       VARIANT.MAKID                   MAKID,
       VARIANT.VARCODE                   VARCODE,
       VARIANT.MMTCODE                   MMTCODE,
       (SELECT LANVARIANT.VARLIBELLE FROM LANVARIANT WHERE LANVARIANT.VARID = VARIANT.VARID AND LANVARIANT.LANCODE = 'EN') AS VARLIBELLE,
       (SELECT LANMAKE.MAKLIBELLE FROM LANMAKE WHERE LANMAKE.MAKID = VARIANT.MAKID AND LANMAKE.LANCODE = 'EN') AS MAKLIBELLE,
       (SELECT LANMAKMODEL.MMOLIBELLE FROM LANMAKMODEL WHERE LANMAKMODEL.MMOCODE = VARIANT.MMOCODE AND LANMAKMODEL.MAKID = VARIANT.MAKID AND LANMAKMODEL.LANCODE = 'EN') AS MMOLIBELLE,
       (SELECT LANMAKMODTRIMLEVEL.MMTLIBELLE FROM LANMAKMODTRIMLEVEL WHERE LANMAKMODTRIMLEVEL.MMOCODE = VARIANT.MMOCODE AND LANMAKMODTRIMLEVEL.MAKID = VARIANT.MAKID AND  VARIANT.MMTCODE = LANMAKMODTRIMLEVEL.MMTCODE AND LANMAKMODTRIMLEVEL.LANCODE = 'EN') AS MMTLIBELLE,
       VYEPRICE.VPRMT                  VPRMT,
       VYEPRICE.VPRMTVAT                VPRMTVAT,        VYEPRICE.TAXCODE                 TAXCODE,
       VYEPRICE.VPRMT                  VARMTPRICE,
       NVL (VYEPRICE.VPRMT, 0 ) + NVL ( VYEPRICE.VPRMTVAT, 0 )   VPRMTTTC,
       VARIANT.MMOCODE                 MMOCODE,
       VYEPRICE.DEVCODE                DEVCODE,
       VYEPRICE.VYEYEARCODE            VYEYEARCODE,
       VARIANT.VARSTATUS               VARSTATUS,
       VARIANT.VARENERGYTYPE               VARENERGYTYPE,
       PAV4_SELECTVARIANT.F_GETDEFAULTACACODE (VARIANT.MAKID,VARIANT.MMOCODE) ACACODE,
       VARIANT.VARFUELDELIVERY         VARFUELDELIVERY,
       VARIANT.VARBODYTYPE             VARBODYTYPE, 
       VARIANT.VARBHP                  VARBHP, 
       VARIANT.VARSERVICEDISTANCEUNIT                  VARSERVICEDISTANCEUNIT, 
       VARIANT.VARCARBON               VARCARBON, 
       MAKE.MAKOEMCLASS                         MAKOEMCLASS, 
       MAKE.MAKCODE               MAKCODE,        VARIANT.NAPCODE            NAPCODE,        VARIANT.UTICODEUPDATE            UTICODEUPDATE,        VARIANT.VARUPDATEDATE            VARUPDATEDATE  
       FROM DEVISE DEVISE, VYEPRICE VYEPRICE, MAKE MAKE, LANMAKMODEL LANMAKMODEL, VARYEAR VARYEAR, LANMAKE LANMAKE, LANVARIANT LANVARIANT, VARIANT VARIANT
  WHERE  1 = 1 
 AND DEVISE.DEVCODE  =  VYEPRICE.DEVCODE    
 AND VARYEAR.VARID  = VYEPRICE.VARID  
 AND VARYEAR.VYEYEARCODE  = VYEPRICE.VYEYEARCODE  
 AND VYEPRICE.VARID (+) = VARIANT.VARID 
 AND VYEPRICE.VPRDTEND is null 
AND MAKE.MAKID = VARIANT.MAKID 
AND ( VARYEAR.VYEDTEND IS NULL OR VARYEAR.VYEDTEND > Trunc( SYSDATE ) ) 
AND LANVARIANT.VARID  = VARIANT.VARID 
AND LANVARIANT.LANCODE  = 'EN'
AND LANMAKE.MAKID (+) = VARIANT.MAKID 
AND LANMAKE.LANCODE (+)  = 'EN'
AND LANMAKMODEL.MMOCODE (+)  = VARIANT.MMOCODE 
AND LANMAKMODEL.MAKID  (+) = VARIANT.MAKID 
AND LANMAKMODEL.LANCODE (+) = 'EN'
AND VARIANT.MAKID = 375 AND VARIANT.MMOCODE = 'GOLF' AND VARIANT.MMTCODE = 'BLUEMOTION' AND ROWNUM < 101



insert into LANVARIANT values (12003, 'EN', '1.6 TDI ACT BlueMotion Technology BVM 6');
Insert into VARIANT (VARID,PAYCODE,VARCODE,DEVCODE,VARDTSTART,VARDTEND,MAKID,MMOCODE,VARVEHICLESECTOR,VARDRIVETRAIN,VARFUELDELIVERY,VARTRANSMISSION,VARNBDOORS,VARSERVICEDISTANCEUNIT,VARSERVICEDISTANCEINTERVAL,VARSERVICETIMEINTERVAL,VARMOTCLASS,VARTAXCLASS,VARVEHICLECATEGORY,VARVEDCLASS,VARENERGYTYPE,VARBODYTYPE,VARBHP,VARCOMMENT,VARSTATUS,MMTCODE,VARBADGEDENGINESIZE,VARUPDATEDATE,VARCARBON,VARIDSOURCE,VARSOURCEDATABASE,VARINSURANCE,VARPRODUCTIONSTARTYEAR,ACACODE,NAPCODE,UTICODEUPDATE,VARDTUPDATE,VAREXTERNALREF) 
values (12003,null,'GOLFCONFLNTDI16BVM6','EUR',to_date('09-JUL-15','DD-MON-RR'),null,375,'GOLF',null,null,null,null,null,null,null,null,null,null,null,null,null,null,null,null,null,'CONFLNBUS',null,null,null,null,null,null,null,null,null,null,null,null);

insert into LANVARIANT values (12003, 'EN', '1.6 TDI ACT BlueMotion Technology DSG 7');
Insert into VARIANT (VARID,PAYCODE,VARCODE,DEVCODE,VARDTSTART,VARDTEND,MAKID,MMOCODE,VARVEHICLESECTOR,VARDRIVETRAIN,VARFUELDELIVERY,VARTRANSMISSION,VARNBDOORS,VARSERVICEDISTANCEUNIT,VARSERVICEDISTANCEINTERVAL,VARSERVICETIMEINTERVAL,VARMOTCLASS,VARTAXCLASS,VARVEHICLECATEGORY,VARVEDCLASS,VARENERGYTYPE,VARBODYTYPE,VARBHP,VARCOMMENT,VARSTATUS,MMTCODE,VARBADGEDENGINESIZE,VARUPDATEDATE,VARCARBON,VARIDSOURCE,VARSOURCEDATABASE,VARINSURANCE,VARPRODUCTIONSTARTYEAR,ACACODE,NAPCODE,UTICODEUPDATE,VARDTUPDATE,VAREXTERNALREF) 
values (12003,null,'GOLFCONFLNTDI16DSG7','EUR',to_date('09-JUL-15','DD-MON-RR'),null,375,'GOLF',null,null,null,null,null,null,null,null,null,null,null,null,null,null,null,null,null,'CONFLNBUS',null,null,null,null,null,null,null,null,null,null,null,null);


Insert into VARIANT (VARID,PAYCODE,VARCODE,DEVCODE,VARDTSTART,VARDTEND,MAKID,MMOCODE,VARVEHICLESECTOR,VARDRIVETRAIN,VARFUELDELIVERY,VARTRANSMISSION,VARNBDOORS,VARSERVICEDISTANCEUNIT,VARSERVICEDISTANCEINTERVAL,VARSERVICETIMEINTERVAL,VARMOTCLASS,VARTAXCLASS,VARVEHICLECATEGORY,VARVEDCLASS,VARENERGYTYPE,VARBODYTYPE,VARBHP,VARCOMMENT,VARSTATUS,MMTCODE,VARBADGEDENGINESIZE,VARUPDATEDATE,VARCARBON,VARIDSOURCE,VARSOURCEDATABASE,VARINSURANCE,VARPRODUCTIONSTARTYEAR,ACACODE,NAPCODE,UTICODEUPDATE,VARDTUPDATE,VAREXTERNALREF) 
values (13488,'FR','JETTACONFLNBUS2TDI150DSG6','EUR',to_date('23-MAY-15','DD-MON-RR'),null,375,'JETTA',null,null,'D','A',null,null,null,null,null,'3','VP','03','D','COUP',215,null,'ACTIF','CONFLNBUS',null,to_date('23-MAY-15','DD-MON-RR'),113,null,null,null,2015,'NINDMA','14','ORFI',to_date('23-MAY-15','DD-MON-RR'),null);
Insert into VARIANT (VARID,PAYCODE,VARCODE,DEVCODE,VARDTSTART,VARDTEND,MAKID,MMOCODE,VARVEHICLESECTOR,VARDRIVETRAIN,VARFUELDELIVERY,VARTRANSMISSION,VARNBDOORS,VARSERVICEDISTANCEUNIT,VARSERVICEDISTANCEINTERVAL,VARSERVICETIMEINTERVAL,VARMOTCLASS,VARTAXCLASS,VARVEHICLECATEGORY,VARVEDCLASS,VARENERGYTYPE,VARBODYTYPE,VARBHP,VARCOMMENT,VARSTATUS,MMTCODE,VARBADGEDENGINESIZE,VARUPDATEDATE,VARCARBON,VARIDSOURCE,VARSOURCEDATABASE,VARINSURANCE,VARPRODUCTIONSTARTYEAR,ACACODE,NAPCODE,UTICODEUPDATE,VARDTUPDATE,VAREXTERNALREF) 
values (13649,null,'JETTACONFLNB11649','EUR',to_date('09-JUL-15','DD-MON-RR'),null,375,'JETTA',null,null,null,null,null,null,null,null,null,null,null,null,null,null,null,null,null,'CONFLNBUS',null,null,null,null,null,null,null,null,null,null,null,null);

Insert into VARIANT (VARID,PAYCODE,VARCODE,DEVCODE,VARDTSTART,VARDTEND,MAKID,MMOCODE,VARVEHICLESECTOR,VARDRIVETRAIN,VARFUELDELIVERY,VARTRANSMISSION,VARNBDOORS,VARSERVICEDISTANCEUNIT,VARSERVICEDISTANCEINTERVAL,VARSERVICETIMEINTERVAL,VARMOTCLASS,VARTAXCLASS,VARVEHICLECATEGORY,VARVEDCLASS,VARENERGYTYPE,VARBODYTYPE,VARBHP,VARCOMMENT,VARSTATUS,MMTCODE,VARBADGEDENGINESIZE,VARUPDATEDATE,VARCARBON,VARIDSOURCE,VARSOURCEDATABASE,VARINSURANCE,VARPRODUCTIONSTARTYEAR,ACACODE,NAPCODE,UTICODEUPDATE,VARDTUPDATE,VAREXTERNALREF) 
values (14488,'FR','PASSATCONFLNBUS2TDI150DSG6','EUR',to_date('23-MAY-15','DD-MON-RR'),null,375,'PASSAT',null,null,'D','A',null,null,null,null,null,'3','VP','03','D','COUP',215,null,'ACTIF','CONFLNBUS',null,to_date('23-MAY-15','DD-MON-RR'),113,null,null,null,2015,'NINDMA','14','ORFI',to_date('23-MAY-15','DD-MON-RR'),null);
Insert into VARIANT (VARID,PAYCODE,VARCODE,DEVCODE,VARDTSTART,VARDTEND,MAKID,MMOCODE,VARVEHICLESECTOR,VARDRIVETRAIN,VARFUELDELIVERY,VARTRANSMISSION,VARNBDOORS,VARSERVICEDISTANCEUNIT,VARSERVICEDISTANCEINTERVAL,VARSERVICETIMEINTERVAL,VARMOTCLASS,VARTAXCLASS,VARVEHICLECATEGORY,VARVEDCLASS,VARENERGYTYPE,VARBODYTYPE,VARBHP,VARCOMMENT,VARSTATUS,MMTCODE,VARBADGEDENGINESIZE,VARUPDATEDATE,VARCARBON,VARIDSOURCE,VARSOURCEDATABASE,VARINSURANCE,VARPRODUCTIONSTARTYEAR,ACACODE,NAPCODE,UTICODEUPDATE,VARDTUPDATE,VAREXTERNALREF) 
values (14649,null,'PASSATCONFLNB11649','EUR',to_date('09-JUL-15','DD-MON-RR'),null,375,'PASSAT',null,null,null,null,null,null,null,null,null,null,null,null,null,null,null,null,null,'CONFLNBUS',null,null,null,null,null,null,null,null,null,null,null,null);

Insert into VARIANT (VARID,PAYCODE,VARCODE,DEVCODE,VARDTSTART,VARDTEND,MAKID,MMOCODE,VARVEHICLESECTOR,VARDRIVETRAIN,VARFUELDELIVERY,VARTRANSMISSION,VARNBDOORS,VARSERVICEDISTANCEUNIT,VARSERVICEDISTANCEINTERVAL,VARSERVICETIMEINTERVAL,VARMOTCLASS,VARTAXCLASS,VARVEHICLECATEGORY,VARVEDCLASS,VARENERGYTYPE,VARBODYTYPE,VARBHP,VARCOMMENT,VARSTATUS,MMTCODE,VARBADGEDENGINESIZE,VARUPDATEDATE,VARCARBON,VARIDSOURCE,VARSOURCEDATABASE,VARINSURANCE,VARPRODUCTIONSTARTYEAR,ACACODE,NAPCODE,UTICODEUPDATE,VARDTUPDATE,VAREXTERNALREF) 
values (15488,'FR','TOUAREGCONFLNBUS2TDI150DSG6','EUR',to_date('23-MAY-15','DD-MON-RR'),null,375,'TOUAREG',null,null,'D','A',null,null,null,null,null,'3','VP','03','D','COUP',215,null,'ACTIF','CONFLNBUS',null,to_date('23-MAY-15','DD-MON-RR'),113,null,null,null,2015,'NINDMA','14','ORFI',to_date('23-MAY-15','DD-MON-RR'),null);
Insert into VARIANT (VARID,PAYCODE,VARCODE,DEVCODE,VARDTSTART,VARDTEND,MAKID,MMOCODE,VARVEHICLESECTOR,VARDRIVETRAIN,VARFUELDELIVERY,VARTRANSMISSION,VARNBDOORS,VARSERVICEDISTANCEUNIT,VARSERVICEDISTANCEINTERVAL,VARSERVICETIMEINTERVAL,VARMOTCLASS,VARTAXCLASS,VARVEHICLECATEGORY,VARVEDCLASS,VARENERGYTYPE,VARBODYTYPE,VARBHP,VARCOMMENT,VARSTATUS,MMTCODE,VARBADGEDENGINESIZE,VARUPDATEDATE,VARCARBON,VARIDSOURCE,VARSOURCEDATABASE,VARINSURANCE,VARPRODUCTIONSTARTYEAR,ACACODE,NAPCODE,UTICODEUPDATE,VARDTUPDATE,VAREXTERNALREF) 
values (15649,null,'TOUAREGFCONFLNB11649','EUR',to_date('09-JUL-15','DD-MON-RR'),null,375,'TOUAREG',null,null,null,null,null,null,null,null,null,null,null,null,null,null,null,null,null,'CONFLNBUS',null,null,null,null,null,null,null,null,null,null,null,null);

Insert into VARIANT (VARID,PAYCODE,VARCODE,DEVCODE,VARDTSTART,VARDTEND,MAKID,MMOCODE,VARVEHICLESECTOR,VARDRIVETRAIN,VARFUELDELIVERY,VARTRANSMISSION,VARNBDOORS,VARSERVICEDISTANCEUNIT,VARSERVICEDISTANCEINTERVAL,VARSERVICETIMEINTERVAL,VARMOTCLASS,VARTAXCLASS,VARVEHICLECATEGORY,VARVEDCLASS,VARENERGYTYPE,VARBODYTYPE,VARBHP,VARCOMMENT,VARSTATUS,MMTCODE,VARBADGEDENGINESIZE,VARUPDATEDATE,VARCARBON,VARIDSOURCE,VARSOURCEDATABASE,VARINSURANCE,VARPRODUCTIONSTARTYEAR,ACACODE,NAPCODE,UTICODEUPDATE,VARDTUPDATE,VAREXTERNALREF) 
values (16488,'FR','TIGUANCONFLNBUS2TDI150DSG6','EUR',to_date('23-MAY-15','DD-MON-RR'),null,375,'TIGUAN',null,null,'D','A',null,null,null,null,null,'3','VP','03','D','COUP',215,null,'ACTIF','CONFLNBUS',null,to_date('23-MAY-15','DD-MON-RR'),113,null,null,null,2015,'NINDMA','14','ORFI',to_date('23-MAY-15','DD-MON-RR'),null);
Insert into VARIANT (VARID,PAYCODE,VARCODE,DEVCODE,VARDTSTART,VARDTEND,MAKID,MMOCODE,VARVEHICLESECTOR,VARDRIVETRAIN,VARFUELDELIVERY,VARTRANSMISSION,VARNBDOORS,VARSERVICEDISTANCEUNIT,VARSERVICEDISTANCEINTERVAL,VARSERVICETIMEINTERVAL,VARMOTCLASS,VARTAXCLASS,VARVEHICLECATEGORY,VARVEDCLASS,VARENERGYTYPE,VARBODYTYPE,VARBHP,VARCOMMENT,VARSTATUS,MMTCODE,VARBADGEDENGINESIZE,VARUPDATEDATE,VARCARBON,VARIDSOURCE,VARSOURCEDATABASE,VARINSURANCE,VARPRODUCTIONSTARTYEAR,ACACODE,NAPCODE,UTICODEUPDATE,VARDTUPDATE,VAREXTERNALREF) 
values (16649,null,'TIGUANFCONFLNB11649','EUR',to_date('09-JUL-15','DD-MON-RR'),null,375,'TIGUAN',null,null,null,null,null,null,null,null,null,null,null,null,null,null,null,null,null,'CONFLNBUS',null,null,null,null,null,null,null,null,null,null,null,null);

Insert into VARIANT (VARID,PAYCODE,VARCODE,DEVCODE,VARDTSTART,VARDTEND,MAKID,MMOCODE,VARVEHICLESECTOR,VARDRIVETRAIN,VARFUELDELIVERY,VARTRANSMISSION,VARNBDOORS,VARSERVICEDISTANCEUNIT,VARSERVICEDISTANCEINTERVAL,VARSERVICETIMEINTERVAL,VARMOTCLASS,VARTAXCLASS,VARVEHICLECATEGORY,VARVEDCLASS,VARENERGYTYPE,VARBODYTYPE,VARBHP,VARCOMMENT,VARSTATUS,MMTCODE,VARBADGEDENGINESIZE,VARUPDATEDATE,VARCARBON,VARIDSOURCE,VARSOURCEDATABASE,VARINSURANCE,VARPRODUCTIONSTARTYEAR,ACACODE,NAPCODE,UTICODEUPDATE,VARDTUPDATE,VAREXTERNALREF) 
values (17488,'FR','SCIROCCOCONFLNBUS2TDI150DSG6','EUR',to_date('23-MAY-15','DD-MON-RR'),null,375,'SCIROCCO',null,null,'D','A',null,null,null,null,null,'3','VP','03','D','COUP',215,null,'ACTIF','CONFLNBUS',null,to_date('23-MAY-15','DD-MON-RR'),113,null,null,null,2015,'NINDMA','14','ORFI',to_date('23-MAY-15','DD-MON-RR'),null);
Insert into VARIANT (VARID,PAYCODE,VARCODE,DEVCODE,VARDTSTART,VARDTEND,MAKID,MMOCODE,VARVEHICLESECTOR,VARDRIVETRAIN,VARFUELDELIVERY,VARTRANSMISSION,VARNBDOORS,VARSERVICEDISTANCEUNIT,VARSERVICEDISTANCEINTERVAL,VARSERVICETIMEINTERVAL,VARMOTCLASS,VARTAXCLASS,VARVEHICLECATEGORY,VARVEDCLASS,VARENERGYTYPE,VARBODYTYPE,VARBHP,VARCOMMENT,VARSTATUS,MMTCODE,VARBADGEDENGINESIZE,VARUPDATEDATE,VARCARBON,VARIDSOURCE,VARSOURCEDATABASE,VARINSURANCE,VARPRODUCTIONSTARTYEAR,ACACODE,NAPCODE,UTICODEUPDATE,VARDTUPDATE,VAREXTERNALREF) 
values (17649,null,'SCIROCCOFCONFLNB11649','EUR',to_date('09-JUL-15','DD-MON-RR'),null,375,'SCIROCCO',null,null,null,null,null,null,null,null,null,null,null,null,null,null,null,null,null,'CONFLNBUS',null,null,null,null,null,null,null,null,null,null,null,null);

*/

/*

select * from lanmakmodel; 
select * from makmodel ;
select * from lanmakmodtrimlevel;
select * from makmodtrimlevel;
select * from lanvariant where lancode = 'EN' and (varid = '11488' or varid = '11649');
select * from variant where (varid = '11488' or varid = '11649') ;
select * from varyear where (varid = '11488' or varid = '11649') ;


select var.varid, var.varcode, fin.mmtcode, mod.mmocode, mak.makid, mod.* from variant var 
inner join makmodtrimlevel fin on fin.mmtcode = var.mmtcode
inner join makmodel mod on var.mmocode = mod.mmocode
inner join make mak on mak.makid = mod.makid
where mak.makid = 375;

select '12488' as VARID, variant.* from variant where varid = '11488';

select * from lanmakmodel where mmocode = 'PASSATVART';


select * from vyeprice pri where pri.varid = '11488';


--update vyeprice set TAXCODE = 'ESVAT', vprmtvat = 21 where varid = '11488';

select actsiret, acteur.* from acteur where actsiret is not null;

--update variant set varenergytype = 'D' where varid = '11488'

select * from lantaxe where lancode = 'EN';

select * from taxtaux where ttadtfin is null and taxcode = 'ESVAT'; => 21

select * from tusparam where tusnom = 'CGENERGIE';

select * from lantusparam where tusnom = 'CGENERGIE';

select * from lanvariant where varlibelle like '%DSG6%';

select * from lanvariant where varid = '11488' or varid = '11649';

select * from vyeprice where varid = '11488' or varid = '11649';

REM INSERTING into VARIANT
SET DEFINE OFF;

select * from user_constraints where constraint_name = 'TRINNO.FK_ASSOCIATION_2460';

select * from makmodtrimlevel;

*/

