
-- Add one menu 
-- with 3 dashboard submenus : MAIN, 1, MANAGER


INSERT INTO CUSTOMCHARACTERISTIC ( COMTYPE, CCHVALUECODE, ENTCODE, CCHSID, CCHCODE ) VALUES ( 'CMENU', 'globaldashboard', 'GLOBAL', 'MENUCCHSID4633', null );
INSERT INTO LOCALIZABLEFEATURE ( LFENAME, LFETYPE, LFEFEATURE ) VALUES ( 'CUSTCHAR.GLOBAL.MENUCCHSID4633', 'com.cassiopae.framework.client.web.gui.controls.menus.CMenu', 'CUSTCHAR' );
INSERT INTO LANLOCALIZABLEFEATURE ( LFENAME, LFETYPE, LFEFEATURE, LFECONTEXT, LANCODE, LFETEXT, LFETOOLTIP, LFEDTUPD ) VALUES ( 'CUSTCHAR.GLOBAL.MENUCCHSID4633', 'com.cassiopae.framework.client.web.gui.controls.menus.CMenu', 'CUSTCHAR', 'NO CONTEXT', 'EN', 'Dashboard', null, null );
INSERT INTO LKCCHGRE ( CCHSID, GRECODE, ENTCODE ) VALUES ( 'MENUCCHSID4633', 'homePage.menuBar', 'GLOBAL' );
INSERT INTO SITEGRAPHICALELEMENT ( SELCODE, SCRCODE, SELSHORTNAME, LFETYPE, SELORDRE, LFENAME, SELTYPE, LFEFEATURE, SELSTATICKEY ) VALUES ( 'homePage.menuBar.MENUCCHSID4633', 'homePage', 'MENUCCHSID4633', 'com.cassiopae.framework.client.web.gui.controls.menus.CMenu', 0, 'CUSTCHAR.GLOBAL.MENUCCHSID4633', 'menu', null, null );


INSERT INTO CUSTOMCHARACTERISTIC ( COMTYPE, CCHVALUECODE, ENTCODE, CCHSID, CCHCODE ) VALUES ( 'CMENUITEM', 'MENUITEMCCHVAL610', 'GLOBAL', 'MENUITEMCCHSID4652', null );
INSERT INTO LKCCHCPR ( CCHSID, CPRPROPERTYNAME, CCPVALUE, COMTYPE, ENTCODE ) VALUES ( 'MENUITEMCCHSID4652', 'externalUrl', 'https://front.cassiopae.com/POSINNO/#/iframe/dashboard/MAIN', 'CMENUITEM', 'GLOBAL' );
INSERT INTO LOCALIZABLEFEATURE ( LFENAME, LFETYPE, LFEFEATURE ) VALUES ( 'CUSTCHAR.GLOBAL.MENUITEMCCHSID4652', 'com.cassiopae.framework.client.web.gui.controls.menus.CMenuItem', 'CUSTCHAR' );
INSERT INTO LANLOCALIZABLEFEATURE ( LFENAME, LFETYPE, LFEFEATURE, LFECONTEXT, LANCODE, LFETEXT, LFETOOLTIP, LFEDTUPD ) VALUES ( 'CUSTCHAR.GLOBAL.MENUITEMCCHSID4652', 'com.cassiopae.framework.client.web.gui.controls.menus.CMenuItem', 'CUSTCHAR', 'NO CONTEXT', 'EN', 'Main', null, null );
INSERT INTO LKCCHGRE ( CCHSID, GRECODE, ENTCODE ) VALUES ( 'MENUITEMCCHSID4652', 'homePage.menuBar.MENUCCHSID4633', 'GLOBAL' );
INSERT INTO SITEGRAPHICALELEMENT ( SELCODE, SCRCODE, SELSHORTNAME, LFETYPE, SELORDRE, LFENAME, SELTYPE, LFEFEATURE, SELSTATICKEY ) VALUES ( 'homePage.menuBar.MENUCCHSID4633.MENUITEMCCHSID4652', 'homePage', 'MENUITEMCCHSID4652', 'com.cassiopae.framework.client.web.gui.controls.menus.CMenuItem', 0, 'CUSTCHAR.GLOBAL.MENUITEMCCHSID4652', 'menuItem', null, null );


INSERT INTO CUSTOMCHARACTERISTIC ( COMTYPE, CCHVALUECODE, ENTCODE, CCHSID, CCHCODE ) VALUES ( 'CMENUITEM', 'MENUITEMCCHVAL611', 'GLOBAL', 'MENUITEMCCHSID4653', null );
INSERT INTO LKCCHCPR ( CCHSID, CPRPROPERTYNAME, CCPVALUE, COMTYPE, ENTCODE ) VALUES ( 'MENUITEMCCHSID4653', 'externalUrl', 'https://front.cassiopae.com/POSINNO/#/iframe/dashboard/1', 'CMENUITEM', 'GLOBAL' );
INSERT INTO LOCALIZABLEFEATURE ( LFENAME, LFETYPE, LFEFEATURE ) VALUES ( 'CUSTCHAR.GLOBAL.MENUITEMCCHSID4653', 'com.cassiopae.framework.client.web.gui.controls.menus.CMenuItem', 'CUSTCHAR' );
INSERT INTO LANLOCALIZABLEFEATURE ( LFENAME, LFETYPE, LFEFEATURE, LFECONTEXT, LANCODE, LFETEXT, LFETOOLTIP, LFEDTUPD ) VALUES ( 'CUSTCHAR.GLOBAL.MENUITEMCCHSID4653', 'com.cassiopae.framework.client.web.gui.controls.menus.CMenuItem', 'CUSTCHAR', 'NO CONTEXT', 'EN', 'Statistics', null, null );
INSERT INTO LKCCHGRE ( CCHSID, GRECODE, ENTCODE ) VALUES ( 'MENUITEMCCHSID4653', 'homePage.menuBar.MENUCCHSID4633', 'GLOBAL' );
INSERT INTO SITEGRAPHICALELEMENT ( SELCODE, SCRCODE, SELSHORTNAME, LFETYPE, SELORDRE, LFENAME, SELTYPE, LFEFEATURE, SELSTATICKEY ) VALUES ( 'homePage.menuBar.MENUCCHSID4633.MENUITEMCCHSID4653', 'homePage', 'MENUITEMCCHSID4653', 'com.cassiopae.framework.client.web.gui.controls.menus.CMenuItem', 1, 'CUSTCHAR.GLOBAL.MENUITEMCCHSID4653', 'menuItem', null, null );


INSERT INTO CUSTOMCHARACTERISTIC ( COMTYPE, CCHVALUECODE, ENTCODE, CCHSID, CCHCODE ) VALUES ( 'CMENUITEM', 'MENUITEMCCHVAL612', 'GLOBAL', 'MENUITEMCCHSID4654', null );
INSERT INTO LKCCHCPR ( CCHSID, CPRPROPERTYNAME, CCPVALUE, COMTYPE, ENTCODE ) VALUES ( 'MENUITEMCCHSID4654', 'externalUrl', 'https://front.cassiopae.com/POSINNO/#/iframe/dashboard/MANAGER', 'CMENUITEM', 'GLOBAL' );
INSERT INTO LOCALIZABLEFEATURE ( LFENAME, LFETYPE, LFEFEATURE ) VALUES ( 'CUSTCHAR.GLOBAL.MENUITEMCCHSID4654', 'com.cassiopae.framework.client.web.gui.controls.menus.CMenuItem', 'CUSTCHAR' );
INSERT INTO LANLOCALIZABLEFEATURE ( LFENAME, LFETYPE, LFEFEATURE, LFECONTEXT, LANCODE, LFETEXT, LFETOOLTIP, LFEDTUPD ) VALUES ( 'CUSTCHAR.GLOBAL.MENUITEMCCHSID4654', 'com.cassiopae.framework.client.web.gui.controls.menus.CMenuItem', 'CUSTCHAR', 'NO CONTEXT', 'EN', 'Manager', null, null );
INSERT INTO LKCCHGRE ( CCHSID, GRECODE, ENTCODE ) VALUES ( 'MENUITEMCCHSID4654', 'homePage.menuBar.MENUCCHSID4633', 'GLOBAL' );
INSERT INTO SITEGRAPHICALELEMENT ( SELCODE, SCRCODE, SELSHORTNAME, LFETYPE, SELORDRE, LFENAME, SELTYPE, LFEFEATURE, SELSTATICKEY ) VALUES ( 'homePage.menuBar.MENUCCHSID4633.MENUITEMCCHSID4654', 'homePage', 'MENUITEMCCHSID4654', 'com.cassiopae.framework.client.web.gui.controls.menus.CMenuItem', 2, 'CUSTCHAR.GLOBAL.MENUITEMCCHSID4654', 'menuItem', null, null );

