


-------------------------------------------------------
delete from VYEIMAGE where varid > 13000 and varid < 14000;
delete from VYEPRICE where varid > 13000 and varid < 14000;
delete from VARYEAR where varid > 13000 and varid < 14000;
delete from lanvariant where varid > 13000 and varid < 14000;
delete from variant where varid > 13000 and varid < 14000;
delete from lanmakmodtrimlevel where makid = 164;
delete from makmodtrimlevel where makid = 164;
delete from ACAMMO where makid = 164;
delete from lanmakmodel where makid = 164;
delete from makmodel where makid = 164;

-- RSX850i

insert into makmodel(makid, mmocode)  values (164, 'RSX850I');
insert into lanmakmodel values (164, 'RSX850I', 'EN', 'RSX850i');

Insert into ACAMMO (ACACODE,MAKID,MMOCODE,AMMFLAGDEFAULT) values ('CAR' ,'164', 'RSX850I', '0');

insert into makmodtrimlevel values(164, 'RSX850I', 'BASE');
insert into lanmakmodtrimlevel values(164, 'RSX850I', 'BASE', 'EN', 'RSX850i');
-- insert into makmodtrimlevel values(164, 'RSX850I', 'SPORT');
-- insert into lanmakmodtrimlevel values(164, 'RSX850I', 'SPORT', 'EN', 'RSX850i Sport');
-- insert into makmodtrimlevel values(164, 'RSX850I', 'TRAIL');
-- insert into lanmakmodtrimlevel values(164, 'RSX850I', 'TRAIL', 'EN', 'RSX850i Trail');

Insert into VARIANT (VARID,PAYCODE,VARCODE,DEVCODE,VARDTSTART,VARDTEND,MAKID,MMOCODE,VARVEHICLESECTOR,VARDRIVETRAIN,VARFUELDELIVERY,VARTRANSMISSION,VARNBDOORS,VARSERVICEDISTANCEUNIT,VARSERVICEDISTANCEINTERVAL,VARSERVICETIMEINTERVAL,VARMOTCLASS,VARTAXCLASS,VARVEHICLECATEGORY,VARVEDCLASS,VARENERGYTYPE,VARBODYTYPE,VARBHP,VARCOMMENT,VARSTATUS,MMTCODE,VARBADGEDENGINESIZE,VARUPDATEDATE,VARCARBON,VARIDSOURCE,VARSOURCEDATABASE,VARINSURANCE,VARPRODUCTIONSTARTYEAR,ACACODE,NAPCODE,UTICODEUPDATE,VARDTUPDATE,VAREXTERNALREF) 
values (13001,'FR','RSX850IBASE','EUR',to_date('23-MAY-15','DD-MON-RR'),null,164,'RSX850I',null,null,'G','A',null,null,null,null,null,'3','VP','03','G','COUP',150,null,'ACTIF','BASE',null,to_date('23-MAY-15','DD-MON-RR'),119,null,null,null,2015,'','','ORFI',to_date('23-MAY-15','DD-MON-RR'),null);
insert into LANVARIANT values (13001, 'EN', 'RSX850i base');
Insert into VARYEAR (VARID,VYEYEARCODE,VYEDTSTART,VYEDTEND,VYEINSURANCE) values (13001,'2015',to_date('01-JAN-15','DD-MON-RR'),null,null);
Insert into VYEPRICE (VARID,VYEYEARCODE,VPRORDER,VPRDTSTART,DEVCODE,VPRDTEND,VPRMT,VPRCODE,VPRDTUPDATE,UTICODEUPDATE,TAXCODE,VPRMTVAT) values (13001,'2015',1,to_date('01-JAN-15','DD-MON-RR'),'EUR',null,11999,null,null,null,null,21);
Insert into VYEIMAGE (VARID,VYEYEARCODE,VYIORDER,VYICATEGORY,VYIFILENAME,VYIORIENTATION,VYIMODELYEAR,VYIVIEWTYPE) values (13001,'2015',1,'GRANDE','johndeere_RSX850i_GRANDE.png','PAYSAGE',2015,'Exterieur');

-- 7430

insert into makmodel(makid, mmocode)  values (164, '7430');
insert into lanmakmodel values (164, '7430', 'EN', '7430');

Insert into ACAMMO (ACACODE,MAKID,MMOCODE,AMMFLAGDEFAULT) values ('CAR' ,'164', '7430', '0');

insert into makmodtrimlevel values(164, '7430', 'BASE');
insert into lanmakmodtrimlevel values(164, '7430', 'BASE', 'EN', '7430');
-- insert into makmodtrimlevel values(164, '7430', 'SPORT');
-- insert into lanmakmodtrimlevel values(164, '7430', 'SPORT', 'EN', '7430 Sport');
-- insert into makmodtrimlevel values(164, '7430', 'TRAIL');
-- insert into lanmakmodtrimlevel values(164, '7430', 'TRAIL', 'EN', '7430 Trail');

Insert into VARIANT (VARID,PAYCODE,VARCODE,DEVCODE,VARDTSTART,VARDTEND,MAKID,MMOCODE,VARVEHICLESECTOR,VARDRIVETRAIN,VARFUELDELIVERY,VARTRANSMISSION,VARNBDOORS,VARSERVICEDISTANCEUNIT,VARSERVICEDISTANCEINTERVAL,VARSERVICETIMEINTERVAL,VARMOTCLASS,VARTAXCLASS,VARVEHICLECATEGORY,VARVEDCLASS,VARENERGYTYPE,VARBODYTYPE,VARBHP,VARCOMMENT,VARSTATUS,MMTCODE,VARBADGEDENGINESIZE,VARUPDATEDATE,VARCARBON,VARIDSOURCE,VARSOURCEDATABASE,VARINSURANCE,VARPRODUCTIONSTARTYEAR,ACACODE,NAPCODE,UTICODEUPDATE,VARDTUPDATE,VAREXTERNALREF) 
values (13011,'FR','7430BASE','EUR',to_date('23-MAY-15','DD-MON-RR'),null,164,'7430',null,null,'G','A',null,null,null,null,null,'3','VP','03','G','COUP',150,null,'ACTIF','BASE',null,to_date('23-MAY-15','DD-MON-RR'),119,null,null,null,2015,'','','ORFI',to_date('23-MAY-15','DD-MON-RR'),null);
insert into LANVARIANT values (13011, 'EN', '7430 base');
Insert into VARYEAR (VARID,VYEYEARCODE,VYEDTSTART,VYEDTEND,VYEINSURANCE) values (13011,'2015',to_date('01-JAN-15','DD-MON-RR'),null,null);
Insert into VYEPRICE (VARID,VYEYEARCODE,VPRORDER,VPRDTSTART,DEVCODE,VPRDTEND,VPRMT,VPRCODE,VPRDTUPDATE,UTICODEUPDATE,TAXCODE,VPRMTVAT) values (13011,'2015',1,to_date('01-JAN-15','DD-MON-RR'),'EUR',null,78871,null,null,null,null,21);
Insert into VYEIMAGE (VARID,VYEYEARCODE,VYIORDER,VYICATEGORY,VYIFILENAME,VYIORIENTATION,VYIMODELYEAR,VYIVIEWTYPE) values (13011,'2015',1,'GRANDE','johndeere_7430_GRANDE.png','PAYSAGE',2015,'Exterieur');

-- 7930

insert into makmodel(makid, mmocode)  values (164, '7930');
insert into lanmakmodel values (164, '7930', 'EN', '7930');

Insert into ACAMMO (ACACODE,MAKID,MMOCODE,AMMFLAGDEFAULT) values ('CAR' ,'164', '7930', '0');

insert into makmodtrimlevel values(164, '7930', 'BASE');
insert into lanmakmodtrimlevel values(164, '7930', 'BASE', 'EN', '7930');
-- insert into makmodtrimlevel values(164, '7930', 'SPORT');
-- insert into lanmakmodtrimlevel values(164, '7930', 'SPORT', 'EN', '7930 Sport');
-- insert into makmodtrimlevel values(164, '7930', 'TRAIL');
-- insert into lanmakmodtrimlevel values(164, '7930', 'TRAIL', 'EN', '7930 Trail');

Insert into VARIANT (VARID,PAYCODE,VARCODE,DEVCODE,VARDTSTART,VARDTEND,MAKID,MMOCODE,VARVEHICLESECTOR,VARDRIVETRAIN,VARFUELDELIVERY,VARTRANSMISSION,VARNBDOORS,VARSERVICEDISTANCEUNIT,VARSERVICEDISTANCEINTERVAL,VARSERVICETIMEINTERVAL,VARMOTCLASS,VARTAXCLASS,VARVEHICLECATEGORY,VARVEDCLASS,VARENERGYTYPE,VARBODYTYPE,VARBHP,VARCOMMENT,VARSTATUS,MMTCODE,VARBADGEDENGINESIZE,VARUPDATEDATE,VARCARBON,VARIDSOURCE,VARSOURCEDATABASE,VARINSURANCE,VARPRODUCTIONSTARTYEAR,ACACODE,NAPCODE,UTICODEUPDATE,VARDTUPDATE,VAREXTERNALREF) 
values (13021,'FR','7930BASE','EUR',to_date('23-MAY-15','DD-MON-RR'),null,164,'7930',null,null,'G','A',null,null,null,null,null,'3','VP','03','G','COUP',150,null,'ACTIF','BASE',null,to_date('23-MAY-15','DD-MON-RR'),119,null,null,null,2015,'','','ORFI',to_date('23-MAY-15','DD-MON-RR'),null);
insert into LANVARIANT values (13021, 'EN', '7930 base');
Insert into VARYEAR (VARID,VYEYEARCODE,VYEDTSTART,VYEDTEND,VYEINSURANCE) values (13021,'2015',to_date('01-JAN-15','DD-MON-RR'),null,null);
Insert into VYEPRICE (VARID,VYEYEARCODE,VPRORDER,VPRDTSTART,DEVCODE,VPRDTEND,VPRMT,VPRCODE,VPRDTUPDATE,UTICODEUPDATE,TAXCODE,VPRMTVAT) values (13021,'2015',1,to_date('01-JAN-15','DD-MON-RR'),'EUR',null,78872,null,null,null,null,21);
Insert into VYEIMAGE (VARID,VYEYEARCODE,VYIORDER,VYICATEGORY,VYIFILENAME,VYIORIENTATION,VYIMODELYEAR,VYIVIEWTYPE) values (13021,'2015',1,'GRANDE','johndeere_7930_GRANDE.png','PAYSAGE',2015,'Exterieur');

-- 6215R

insert into makmodel(makid, mmocode)  values (164, '6215R');
insert into lanmakmodel values (164, '6215R', 'EN', '6215R');

Insert into ACAMMO (ACACODE,MAKID,MMOCODE,AMMFLAGDEFAULT) values ('CAR' ,'164', '6215R', '0');

insert into makmodtrimlevel values(164, '6215R', 'BASE');
insert into lanmakmodtrimlevel values(164, '6215R', 'BASE', 'EN', '6215R');
-- insert into makmodtrimlevel values(164, '6215R', 'SPORT');
-- insert into lanmakmodtrimlevel values(164, '6215R', 'SPORT', 'EN', '6215R Sport');
-- insert into makmodtrimlevel values(164, '6215R', 'TRAIL');
-- insert into lanmakmodtrimlevel values(164, '6215R', 'TRAIL', 'EN', '6215R Trail');

Insert into VARIANT (VARID,PAYCODE,VARCODE,DEVCODE,VARDTSTART,VARDTEND,MAKID,MMOCODE,VARVEHICLESECTOR,VARDRIVETRAIN,VARFUELDELIVERY,VARTRANSMISSION,VARNBDOORS,VARSERVICEDISTANCEUNIT,VARSERVICEDISTANCEINTERVAL,VARSERVICETIMEINTERVAL,VARMOTCLASS,VARTAXCLASS,VARVEHICLECATEGORY,VARVEDCLASS,VARENERGYTYPE,VARBODYTYPE,VARBHP,VARCOMMENT,VARSTATUS,MMTCODE,VARBADGEDENGINESIZE,VARUPDATEDATE,VARCARBON,VARIDSOURCE,VARSOURCEDATABASE,VARINSURANCE,VARPRODUCTIONSTARTYEAR,ACACODE,NAPCODE,UTICODEUPDATE,VARDTUPDATE,VAREXTERNALREF) 
values (13031,'FR','6215RBASE','EUR',to_date('23-MAY-15','DD-MON-RR'),null,164,'6215R',null,null,'G','A',null,null,null,null,null,'3','VP','03','G','COUP',150,null,'ACTIF','BASE',null,to_date('23-MAY-15','DD-MON-RR'),119,null,null,null,2015,'','','ORFI',to_date('23-MAY-15','DD-MON-RR'),null);
insert into LANVARIANT values (13031, 'EN', '6215R base');
Insert into VARYEAR (VARID,VYEYEARCODE,VYEDTSTART,VYEDTEND,VYEINSURANCE) values (13031,'2015',to_date('01-JAN-15','DD-MON-RR'),null,null);
Insert into VYEPRICE (VARID,VYEYEARCODE,VPRORDER,VPRDTSTART,DEVCODE,VPRDTEND,VPRMT,VPRCODE,VPRDTUPDATE,UTICODEUPDATE,TAXCODE,VPRMTVAT) values (13031,'2015',1,to_date('01-JAN-15','DD-MON-RR'),'EUR',null,78873,null,null,null,null,21);
Insert into VYEIMAGE (VARID,VYEYEARCODE,VYIORDER,VYICATEGORY,VYIFILENAME,VYIORIENTATION,VYIMODELYEAR,VYIVIEWTYPE) values (13031,'2015',1,'GRANDE','johndeere_6215R_GRANDE.png','PAYSAGE',2015,'Exterieur');

-- Insert into VARIANT (VARID,PAYCODE,VARCODE,DEVCODE,VARDTSTART,VARDTEND,MAKID,MMOCODE,VARVEHICLESECTOR,VARDRIVETRAIN,VARFUELDELIVERY,VARTRANSMISSION,VARNBDOORS,VARSERVICEDISTANCEUNIT,VARSERVICEDISTANCEINTERVAL,VARSERVICETIMEINTERVAL,VARMOTCLASS,VARTAXCLASS,VARVEHICLECATEGORY,VARVEDCLASS,VARENERGYTYPE,VARBODYTYPE,VARBHP,VARCOMMENT,VARSTATUS,MMTCODE,VARBADGEDENGINESIZE,VARUPDATEDATE,VARCARBON,VARIDSOURCE,VARSOURCEDATABASE,VARINSURANCE,VARPRODUCTIONSTARTYEAR,ACACODE,NAPCODE,UTICODEUPDATE,VARDTUPDATE,VAREXTERNALREF) 
-- values (13032,'FR','6215RTRAIL','EUR',to_date('23-MAY-15','DD-MON-RR'),null,164,'6215R',null,null,'G','A',null,null,null,null,null,'3','VP','03','G','COUP',150,null,'ACTIF','TRAIL',null,to_date('23-MAY-15','DD-MON-RR'),119,null,null,null,2015,'','','ORFI',to_date('23-MAY-15','DD-MON-RR'),null);
-- insert into LANVARIANT values (13032, 'EN', '6215R trail');
-- Insert into VARYEAR (VARID,VYEYEARCODE,VYEDTSTART,VYEDTEND,VYEINSURANCE) values (13032,'2015',to_date('01-JAN-15','DD-MON-RR'),null,null);
-- Insert into VYEPRICE (VARID,VYEYEARCODE,VPRORDER,VPRDTSTART,DEVCODE,VPRDTEND,VPRMT,VPRCODE,VPRDTUPDATE,UTICODEUPDATE,TAXCODE,VPRMTVAT) values (13032,'2015',1,to_date('01-JAN-15','DD-MON-RR'),'EUR',null,78873,null,null,null,null,21);
-- Insert into VYEIMAGE (VARID,VYEYEARCODE,VYIORDER,VYICATEGORY,VYIFILENAME,VYIORIENTATION,VYIMODELYEAR,VYIVIEWTYPE) values (13032,'2015',1,'GRANDE','johndeere_6215R_GRANDE.png','PAYSAGE',2015,'Exterieur');

-- -- 623R

-- insert into makmodel(makid, mmocode)  values (164, '623R');
-- insert into lanmakmodel values (164, '623R', 'EN', '623R');

-- Insert into ACAMMO (ACACODE,MAKID,MMOCODE,AMMFLAGDEFAULT) values ('CAR' ,'164', '623R', '0');

-- insert into makmodtrimlevel values(164, '623R', 'BASE');
-- insert into lanmakmodtrimlevel values(164, '623R', 'BASE', 'EN', '623R');
-- -- insert into makmodtrimlevel values(164, '623R', 'SPORT');
-- -- insert into lanmakmodtrimlevel values(164, '623R', 'SPORT', 'EN', '623R Sport');
-- -- insert into makmodtrimlevel values(164, '623R', 'TRAIL');
-- -- insert into lanmakmodtrimlevel values(164, '623R', 'TRAIL', 'EN', '623R Trail');

-- Insert into VARIANT (VARID,PAYCODE,VARCODE,DEVCODE,VARDTSTART,VARDTEND,MAKID,MMOCODE,VARVEHICLESECTOR,VARDRIVETRAIN,VARFUELDELIVERY,VARTRANSMISSION,VARNBDOORS,VARSERVICEDISTANCEUNIT,VARSERVICEDISTANCEINTERVAL,VARSERVICETIMEINTERVAL,VARMOTCLASS,VARTAXCLASS,VARVEHICLECATEGORY,VARVEDCLASS,VARENERGYTYPE,VARBODYTYPE,VARBHP,VARCOMMENT,VARSTATUS,MMTCODE,VARBADGEDENGINESIZE,VARUPDATEDATE,VARCARBON,VARIDSOURCE,VARSOURCEDATABASE,VARINSURANCE,VARPRODUCTIONSTARTYEAR,ACACODE,NAPCODE,UTICODEUPDATE,VARDTUPDATE,VAREXTERNALREF) 
-- values (13041,'FR','623RBASE','EUR',to_date('23-MAY-15','DD-MON-RR'),null,164,'623R',null,null,'G','A',null,null,null,null,null,'3','VP','03','G','COUP',150,null,'ACTIF','BASE',null,to_date('23-MAY-15','DD-MON-RR'),119,null,null,null,2015,'','','ORFI',to_date('23-MAY-15','DD-MON-RR'),null);
-- insert into LANVARIANT values (13041, 'EN', '623R base');
-- Insert into VARYEAR (VARID,VYEYEARCODE,VYEDTSTART,VYEDTEND,VYEINSURANCE) values (13041,'2015',to_date('01-JAN-15','DD-MON-RR'),null,null);
-- Insert into VYEPRICE (VARID,VYEYEARCODE,VPRORDER,VPRDTSTART,DEVCODE,VPRDTEND,VPRMT,VPRCODE,VPRDTUPDATE,UTICODEUPDATE,TAXCODE,VPRMTVAT) values (13041,'2015',1,to_date('01-JAN-15','DD-MON-RR'),'EUR',null,7353,null,null,null,null,21);
-- Insert into VYEIMAGE (VARID,VYEYEARCODE,VYIORDER,VYICATEGORY,VYIFILENAME,VYIORIENTATION,VYIMODELYEAR,VYIVIEWTYPE) values (13041,'2015',1,'GRANDE','johndeere_623R_GRANDE.png','PAYSAGE',2015,'Exterieur');


-- BU10

insert into makmodel(makid, mmocode)  values (164, 'BU10');
insert into lanmakmodel values (164, 'BU10', 'EN', 'BU10');

Insert into ACAMMO (ACACODE,MAKID,MMOCODE,AMMFLAGDEFAULT) values ('CAR' ,'164', 'BU10', '0');

insert into makmodtrimlevel values(164, 'BU10', 'BASE');
insert into lanmakmodtrimlevel values(164, 'BU10', 'BASE', 'EN', 'BU10');
-- insert into makmodtrimlevel values(164, 'BU10', 'SPORT');
-- insert into lanmakmodtrimlevel values(164, 'BU10', 'SPORT', 'EN', 'BU10 Sport');
-- insert into makmodtrimlevel values(164, 'BU10', 'TRAIL');
-- insert into lanmakmodtrimlevel values(164, 'BU10', 'TRAIL', 'EN', 'BU10 Trail');

Insert into VARIANT (VARID,PAYCODE,VARCODE,DEVCODE,VARDTSTART,VARDTEND,MAKID,MMOCODE,VARVEHICLESECTOR,VARDRIVETRAIN,VARFUELDELIVERY,VARTRANSMISSION,VARNBDOORS,VARSERVICEDISTANCEUNIT,VARSERVICEDISTANCEINTERVAL,VARSERVICETIMEINTERVAL,VARMOTCLASS,VARTAXCLASS,VARVEHICLECATEGORY,VARVEDCLASS,VARENERGYTYPE,VARBODYTYPE,VARBHP,VARCOMMENT,VARSTATUS,MMTCODE,VARBADGEDENGINESIZE,VARUPDATEDATE,VARCARBON,VARIDSOURCE,VARSOURCEDATABASE,VARINSURANCE,VARPRODUCTIONSTARTYEAR,ACACODE,NAPCODE,UTICODEUPDATE,VARDTUPDATE,VAREXTERNALREF) 
values (13051,'FR','BU10BASE','EUR',to_date('23-MAY-15','DD-MON-RR'),null,164,'BU10',null,null,'G','A',null,null,null,null,null,'3','VP','03','G','COUP',150,null,'ACTIF','BASE',null,to_date('23-MAY-15','DD-MON-RR'),119,null,null,null,2015,'','','ORFI',to_date('23-MAY-15','DD-MON-RR'),null);
insert into LANVARIANT values (13051, 'EN', 'BU10 base');
Insert into VARYEAR (VARID,VYEYEARCODE,VYEDTSTART,VYEDTEND,VYEINSURANCE) values (13051,'2015',to_date('01-JAN-15','DD-MON-RR'),null,null);
Insert into VYEPRICE (VARID,VYEYEARCODE,VPRORDER,VPRDTSTART,DEVCODE,VPRDTEND,VPRMT,VPRCODE,VPRDTUPDATE,UTICODEUPDATE,TAXCODE,VPRMTVAT) values (13051,'2015',1,to_date('01-JAN-15','DD-MON-RR'),'EUR',null,1129,null,null,null,null,21);
Insert into VYEIMAGE (VARID,VYEYEARCODE,VYIORDER,VYICATEGORY,VYIFILENAME,VYIORIENTATION,VYIMODELYEAR,VYIVIEWTYPE) values (13051,'2015',1,'GRANDE','johndeere_BU10_GRANDE.png','PAYSAGE',2015,'Exterieur');




