


-------------------------------------------------------
delete from VYEIMAGE where varid > 14000 and varid < 15000;
delete from VYEPRICE where varid > 14000 and varid < 15000;
delete from VARYEAR where varid > 14000 and varid < 15000;
delete from lanvariant where varid > 14000 and varid < 15000;
delete from variant where varid > 14000 and varid < 15000;
delete from lanmakmodtrimlevel where makid = 36;
delete from makmodtrimlevel where makid = 36;
delete from ACAMMO where makid = 36;
delete from lanmakmodel where makid = 36;
delete from makmodel where makid = 36;

-- 1S

insert into makmodel(makid, mmocode)  values (36, 'BMW1S');
insert into lanmakmodel values (36, 'BMW1S', 'EN', 'BMW 1 Series');

Insert into ACAMMO (ACACODE,MAKID,MMOCODE,AMMFLAGDEFAULT) values ('CAR' ,'36', 'BMW1S', '0');

insert into makmodtrimlevel values(36, 'BMW1S', 'LUXURY');
insert into lanmakmodtrimlevel values(36, 'BMW1S', 'LUXURY', 'EN', 'BMW1S Luxury');
insert into makmodtrimlevel values(36, 'BMW1S', 'SPORT');
insert into lanmakmodtrimlevel values(36, 'BMW1S', 'SPORT', 'EN', 'BMW1S Sport');
insert into makmodtrimlevel values(36, 'BMW1S', 'TRAIL');
insert into lanmakmodtrimlevel values(36, 'BMW1S', 'TRAIL', 'EN', 'BMW1S Trail');

Insert into VARIANT (VARID,PAYCODE,VARCODE,DEVCODE,VARDTSTART,VARDTEND,MAKID,MMOCODE,VARVEHICLESECTOR,VARDRIVETRAIN,VARFUELDELIVERY,VARTRANSMISSION,VARNBDOORS,VARSERVICEDISTANCEUNIT,VARSERVICEDISTANCEINTERVAL,VARSERVICETIMEINTERVAL,VARMOTCLASS,VARTAXCLASS,VARVEHICLECATEGORY,VARVEDCLASS,VARENERGYTYPE,VARBODYTYPE,VARBHP,VARCOMMENT,VARSTATUS,MMTCODE,VARBADGEDENGINESIZE,VARUPDATEDATE,VARCARBON,VARIDSOURCE,VARSOURCEDATABASE,VARINSURANCE,VARPRODUCTIONSTARTYEAR,ACACODE,NAPCODE,UTICODEUPDATE,VARDTUPDATE,VAREXTERNALREF) 
values (14001,'FR','BMW1SLUXURY','EUR',to_date('23-MAY-15','DD-MON-RR'),null,36,'BMW1S',null,null,'G','A',null,null,null,null,null,'3','VP','03','G','COUP',150,null,'ACTIF','LUXURY',null,to_date('23-MAY-15','DD-MON-RR'),119,null,null,null,2015,'','','ORFI',to_date('23-MAY-15','DD-MON-RR'),null);
insert into LANVARIANT values (14001, 'EN', 'BMW1S luxury');
Insert into VARYEAR (VARID,VYEYEARCODE,VYEDTSTART,VYEDTEND,VYEINSURANCE) values (14001,'2015',to_date('01-JAN-15','DD-MON-RR'),null,null);
Insert into VYEPRICE (VARID,VYEYEARCODE,VPRORDER,VPRDTSTART,DEVCODE,VPRDTEND,VPRMT,VPRCODE,VPRDTUPDATE,UTICODEUPDATE,TAXCODE,VPRMTVAT) values (14001,'2015',1,to_date('01-JAN-15','DD-MON-RR'),'EUR',null,23750,null,null,null,null,21);
Insert into VYEIMAGE (VARID,VYEYEARCODE,VYIORDER,VYICATEGORY,VYIFILENAME,VYIORIENTATION,VYIMODELYEAR,VYIVIEWTYPE) values (14001,'2015',1,'GRANDE','BMW_BMW1S_GRANDE.png','PAYSAGE',2015,'Exterieur');

Insert into VARIANT (VARID,PAYCODE,VARCODE,DEVCODE,VARDTSTART,VARDTEND,MAKID,MMOCODE,VARVEHICLESECTOR,VARDRIVETRAIN,VARFUELDELIVERY,VARTRANSMISSION,VARNBDOORS,VARSERVICEDISTANCEUNIT,VARSERVICEDISTANCEINTERVAL,VARSERVICETIMEINTERVAL,VARMOTCLASS,VARTAXCLASS,VARVEHICLECATEGORY,VARVEDCLASS,VARENERGYTYPE,VARBODYTYPE,VARBHP,VARCOMMENT,VARSTATUS,MMTCODE,VARBADGEDENGINESIZE,VARUPDATEDATE,VARCARBON,VARIDSOURCE,VARSOURCEDATABASE,VARINSURANCE,VARPRODUCTIONSTARTYEAR,ACACODE,NAPCODE,UTICODEUPDATE,VARDTUPDATE,VAREXTERNALREF) 
values (14002,'FR','BMW1SSPORT','EUR',to_date('23-MAY-15','DD-MON-RR'),null,36,'BMW1S',null,null,'G','A',null,null,null,null,null,'3','VP','03','G','COUP',150,null,'ACTIF','SPORT',null,to_date('23-MAY-15','DD-MON-RR'),119,null,null,null,2015,'','','ORFI',to_date('23-MAY-15','DD-MON-RR'),null);
insert into LANVARIANT values (14002, 'EN', 'BMW1S sport');
Insert into VARYEAR (VARID,VYEYEARCODE,VYEDTSTART,VYEDTEND,VYEINSURANCE) values (14002,'2015',to_date('01-JAN-15','DD-MON-RR'),null,null);
Insert into VYEPRICE (VARID,VYEYEARCODE,VPRORDER,VPRDTSTART,DEVCODE,VPRDTEND,VPRMT,VPRCODE,VPRDTUPDATE,UTICODEUPDATE,TAXCODE,VPRMTVAT) values (14002,'2015',1,to_date('01-JAN-15','DD-MON-RR'),'EUR',null,24250,null,null,null,null,21);
Insert into VYEIMAGE (VARID,VYEYEARCODE,VYIORDER,VYICATEGORY,VYIFILENAME,VYIORIENTATION,VYIMODELYEAR,VYIVIEWTYPE) values (14002,'2015',1,'GRANDE','BMW_BMW1S_GRANDE.png','PAYSAGE',2015,'Exterieur');

Insert into VARIANT (VARID,PAYCODE,VARCODE,DEVCODE,VARDTSTART,VARDTEND,MAKID,MMOCODE,VARVEHICLESECTOR,VARDRIVETRAIN,VARFUELDELIVERY,VARTRANSMISSION,VARNBDOORS,VARSERVICEDISTANCEUNIT,VARSERVICEDISTANCEINTERVAL,VARSERVICETIMEINTERVAL,VARMOTCLASS,VARTAXCLASS,VARVEHICLECATEGORY,VARVEDCLASS,VARENERGYTYPE,VARBODYTYPE,VARBHP,VARCOMMENT,VARSTATUS,MMTCODE,VARBADGEDENGINESIZE,VARUPDATEDATE,VARCARBON,VARIDSOURCE,VARSOURCEDATABASE,VARINSURANCE,VARPRODUCTIONSTARTYEAR,ACACODE,NAPCODE,UTICODEUPDATE,VARDTUPDATE,VAREXTERNALREF) 
values (14003,'FR','BMW1STRAIL','EUR',to_date('23-MAY-15','DD-MON-RR'),null,36,'BMW1S',null,null,'G','A',null,null,null,null,null,'3','VP','03','G','COUP',150,null,'ACTIF','TRAIL',null,to_date('23-MAY-15','DD-MON-RR'),119,null,null,null,2015,'','','ORFI',to_date('23-MAY-15','DD-MON-RR'),null);
insert into LANVARIANT values (14003, 'EN', 'BMW1S trail');
Insert into VARYEAR (VARID,VYEYEARCODE,VYEDTSTART,VYEDTEND,VYEINSURANCE) values (14003,'2015',to_date('01-JAN-15','DD-MON-RR'),null,null);
Insert into VYEPRICE (VARID,VYEYEARCODE,VPRORDER,VPRDTSTART,DEVCODE,VPRDTEND,VPRMT,VPRCODE,VPRDTUPDATE,UTICODEUPDATE,TAXCODE,VPRMTVAT) values (14003,'2015',1,to_date('01-JAN-15','DD-MON-RR'),'EUR',null,23650,null,null,null,null,21);
Insert into VYEIMAGE (VARID,VYEYEARCODE,VYIORDER,VYICATEGORY,VYIFILENAME,VYIORIENTATION,VYIMODELYEAR,VYIVIEWTYPE) values (14003,'2015',1,'GRANDE','BMW_BMW1S_GRANDE.png','PAYSAGE',2015,'Exterieur');

-- 2S

insert into makmodel(makid, mmocode)  values (36, 'BMW2S');
insert into lanmakmodel values (36, 'BMW2S', 'EN', 'BMW 2 Series Gran Tourer');

Insert into ACAMMO (ACACODE,MAKID,MMOCODE,AMMFLAGDEFAULT) values ('CAR' ,'36', 'BMW2S', '0');

insert into makmodtrimlevel values(36, 'BMW2S', 'LUXURY');
insert into lanmakmodtrimlevel values(36, 'BMW2S', 'LUXURY', 'EN', 'BMW2S Luxury');
insert into makmodtrimlevel values(36, 'BMW2S', 'SPORT');
insert into lanmakmodtrimlevel values(36, 'BMW2S', 'SPORT', 'EN', 'BMW2S Sport');
insert into makmodtrimlevel values(36, 'BMW2S', 'TRAIL');
insert into lanmakmodtrimlevel values(36, 'BMW2S', 'TRAIL', 'EN', 'BMW2S Trail');

Insert into VARIANT (VARID,PAYCODE,VARCODE,DEVCODE,VARDTSTART,VARDTEND,MAKID,MMOCODE,VARVEHICLESECTOR,VARDRIVETRAIN,VARFUELDELIVERY,VARTRANSMISSION,VARNBDOORS,VARSERVICEDISTANCEUNIT,VARSERVICEDISTANCEINTERVAL,VARSERVICETIMEINTERVAL,VARMOTCLASS,VARTAXCLASS,VARVEHICLECATEGORY,VARVEDCLASS,VARENERGYTYPE,VARBODYTYPE,VARBHP,VARCOMMENT,VARSTATUS,MMTCODE,VARBADGEDENGINESIZE,VARUPDATEDATE,VARCARBON,VARIDSOURCE,VARSOURCEDATABASE,VARINSURANCE,VARPRODUCTIONSTARTYEAR,ACACODE,NAPCODE,UTICODEUPDATE,VARDTUPDATE,VAREXTERNALREF) 
values (14011,'FR','BMW2SLUXURY','EUR',to_date('23-MAY-15','DD-MON-RR'),null,36,'BMW2S',null,null,'G','A',null,null,null,null,null,'3','VP','03','G','COUP',150,null,'ACTIF','LUXURY',null,to_date('23-MAY-15','DD-MON-RR'),119,null,null,null,2015,'','','ORFI',to_date('23-MAY-15','DD-MON-RR'),null);
insert into LANVARIANT values (14011, 'EN', 'BMW2S luxury');
Insert into VARYEAR (VARID,VYEYEARCODE,VYEDTSTART,VYEDTEND,VYEINSURANCE) values (14011,'2015',to_date('01-JAN-15','DD-MON-RR'),null,null);
Insert into VYEPRICE (VARID,VYEYEARCODE,VPRORDER,VPRDTSTART,DEVCODE,VPRDTEND,VPRMT,VPRCODE,VPRDTUPDATE,UTICODEUPDATE,TAXCODE,VPRMTVAT) values (14011,'2015',1,to_date('01-JAN-15','DD-MON-RR'),'EUR',null,26490,null,null,null,null,21);
Insert into VYEIMAGE (VARID,VYEYEARCODE,VYIORDER,VYICATEGORY,VYIFILENAME,VYIORIENTATION,VYIMODELYEAR,VYIVIEWTYPE) values (14011,'2015',1,'GRANDE','BMW_BMW2S_GRANDE.png','PAYSAGE',2015,'Exterieur');

Insert into VARIANT (VARID,PAYCODE,VARCODE,DEVCODE,VARDTSTART,VARDTEND,MAKID,MMOCODE,VARVEHICLESECTOR,VARDRIVETRAIN,VARFUELDELIVERY,VARTRANSMISSION,VARNBDOORS,VARSERVICEDISTANCEUNIT,VARSERVICEDISTANCEINTERVAL,VARSERVICETIMEINTERVAL,VARMOTCLASS,VARTAXCLASS,VARVEHICLECATEGORY,VARVEDCLASS,VARENERGYTYPE,VARBODYTYPE,VARBHP,VARCOMMENT,VARSTATUS,MMTCODE,VARBADGEDENGINESIZE,VARUPDATEDATE,VARCARBON,VARIDSOURCE,VARSOURCEDATABASE,VARINSURANCE,VARPRODUCTIONSTARTYEAR,ACACODE,NAPCODE,UTICODEUPDATE,VARDTUPDATE,VAREXTERNALREF) 
values (14012,'FR','BMW2SSPORT','EUR',to_date('23-MAY-15','DD-MON-RR'),null,36,'BMW2S',null,null,'G','A',null,null,null,null,null,'3','VP','03','G','COUP',150,null,'ACTIF','SPORT',null,to_date('23-MAY-15','DD-MON-RR'),119,null,null,null,2015,'','','ORFI',to_date('23-MAY-15','DD-MON-RR'),null);
insert into LANVARIANT values (14012, 'EN', 'BMW2S sport');
Insert into VARYEAR (VARID,VYEYEARCODE,VYEDTSTART,VYEDTEND,VYEINSURANCE) values (14012,'2015',to_date('01-JAN-15','DD-MON-RR'),null,null);
Insert into VYEPRICE (VARID,VYEYEARCODE,VPRORDER,VPRDTSTART,DEVCODE,VPRDTEND,VPRMT,VPRCODE,VPRDTUPDATE,UTICODEUPDATE,TAXCODE,VPRMTVAT) values (14012,'2015',1,to_date('01-JAN-15','DD-MON-RR'),'EUR',null,28230,null,null,null,null,21);
Insert into VYEIMAGE (VARID,VYEYEARCODE,VYIORDER,VYICATEGORY,VYIFILENAME,VYIORIENTATION,VYIMODELYEAR,VYIVIEWTYPE) values (14012,'2015',1,'GRANDE','BMW_BMW2S_GRANDE.png','PAYSAGE',2015,'Exterieur');

Insert into VARIANT (VARID,PAYCODE,VARCODE,DEVCODE,VARDTSTART,VARDTEND,MAKID,MMOCODE,VARVEHICLESECTOR,VARDRIVETRAIN,VARFUELDELIVERY,VARTRANSMISSION,VARNBDOORS,VARSERVICEDISTANCEUNIT,VARSERVICEDISTANCEINTERVAL,VARSERVICETIMEINTERVAL,VARMOTCLASS,VARTAXCLASS,VARVEHICLECATEGORY,VARVEDCLASS,VARENERGYTYPE,VARBODYTYPE,VARBHP,VARCOMMENT,VARSTATUS,MMTCODE,VARBADGEDENGINESIZE,VARUPDATEDATE,VARCARBON,VARIDSOURCE,VARSOURCEDATABASE,VARINSURANCE,VARPRODUCTIONSTARTYEAR,ACACODE,NAPCODE,UTICODEUPDATE,VARDTUPDATE,VAREXTERNALREF) 
values (14013,'FR','BMW2STRAIL','EUR',to_date('23-MAY-15','DD-MON-RR'),null,36,'BMW2S',null,null,'G','A',null,null,null,null,null,'3','VP','03','G','COUP',150,null,'ACTIF','TRAIL',null,to_date('23-MAY-15','DD-MON-RR'),119,null,null,null,2015,'','','ORFI',to_date('23-MAY-15','DD-MON-RR'),null);
insert into LANVARIANT values (14013, 'EN', 'BMW2S trail');
Insert into VARYEAR (VARID,VYEYEARCODE,VYEDTSTART,VYEDTEND,VYEINSURANCE) values (14013,'2015',to_date('01-JAN-15','DD-MON-RR'),null,null);
Insert into VYEPRICE (VARID,VYEYEARCODE,VPRORDER,VPRDTSTART,DEVCODE,VPRDTEND,VPRMT,VPRCODE,VPRDTUPDATE,UTICODEUPDATE,TAXCODE,VPRMTVAT) values (14013,'2015',1,to_date('01-JAN-15','DD-MON-RR'),'EUR',null,27030,null,null,null,null,21);
Insert into VYEIMAGE (VARID,VYEYEARCODE,VYIORDER,VYICATEGORY,VYIFILENAME,VYIORIENTATION,VYIMODELYEAR,VYIVIEWTYPE) values (14013,'2015',1,'GRANDE','BMW_BMW2S_GRANDE.png','PAYSAGE',2015,'Exterieur');

-- I3

insert into makmodel(makid, mmocode)  values (36, 'BMWI3');
insert into lanmakmodel values (36, 'BMWI3', 'EN', 'BMW I3');

Insert into ACAMMO (ACACODE,MAKID,MMOCODE,AMMFLAGDEFAULT) values ('CAR' ,'36', 'BMWI3', '0');

insert into makmodtrimlevel values(36, 'BMWI3', 'LUXURY');
insert into lanmakmodtrimlevel values(36, 'BMWI3', 'LUXURY', 'EN', 'BMWI3 Luxury');
insert into makmodtrimlevel values(36, 'BMWI3', 'SPORT');
insert into lanmakmodtrimlevel values(36, 'BMWI3', 'SPORT', 'EN', 'BMWI3 Sport');
insert into makmodtrimlevel values(36, 'BMWI3', 'TRAIL');
insert into lanmakmodtrimlevel values(36, 'BMWI3', 'TRAIL', 'EN', 'BMWI3 Trail');

Insert into VARIANT (VARID,PAYCODE,VARCODE,DEVCODE,VARDTSTART,VARDTEND,MAKID,MMOCODE,VARVEHICLESECTOR,VARDRIVETRAIN,VARFUELDELIVERY,VARTRANSMISSION,VARNBDOORS,VARSERVICEDISTANCEUNIT,VARSERVICEDISTANCEINTERVAL,VARSERVICETIMEINTERVAL,VARMOTCLASS,VARTAXCLASS,VARVEHICLECATEGORY,VARVEDCLASS,VARENERGYTYPE,VARBODYTYPE,VARBHP,VARCOMMENT,VARSTATUS,MMTCODE,VARBADGEDENGINESIZE,VARUPDATEDATE,VARCARBON,VARIDSOURCE,VARSOURCEDATABASE,VARINSURANCE,VARPRODUCTIONSTARTYEAR,ACACODE,NAPCODE,UTICODEUPDATE,VARDTUPDATE,VAREXTERNALREF) 
values (14021,'FR','BMWI3LUXURY','EUR',to_date('23-MAY-15','DD-MON-RR'),null,36,'BMWI3',null,null,'G','A',null,null,null,null,null,'3','VP','03','G','COUP',150,null,'ACTIF','LUXURY',null,to_date('23-MAY-15','DD-MON-RR'),119,null,null,null,2015,'','','ORFI',to_date('23-MAY-15','DD-MON-RR'),null);
insert into LANVARIANT values (14021, 'EN', 'BMWI3 luxury');
Insert into VARYEAR (VARID,VYEYEARCODE,VYEDTSTART,VYEDTEND,VYEINSURANCE) values (14021,'2015',to_date('01-JAN-15','DD-MON-RR'),null,null);
Insert into VYEPRICE (VARID,VYEYEARCODE,VPRORDER,VPRDTSTART,DEVCODE,VPRDTEND,VPRMT,VPRCODE,VPRDTUPDATE,UTICODEUPDATE,TAXCODE,VPRMTVAT) values (14021,'2015',1,to_date('01-JAN-15','DD-MON-RR'),'EUR',null,35790,null,null,null,null,21);
Insert into VYEIMAGE (VARID,VYEYEARCODE,VYIORDER,VYICATEGORY,VYIFILENAME,VYIORIENTATION,VYIMODELYEAR,VYIVIEWTYPE) values (14021,'2015',1,'GRANDE','BMW_BMWI3_GRANDE.png','PAYSAGE',2015,'Exterieur');

Insert into VARIANT (VARID,PAYCODE,VARCODE,DEVCODE,VARDTSTART,VARDTEND,MAKID,MMOCODE,VARVEHICLESECTOR,VARDRIVETRAIN,VARFUELDELIVERY,VARTRANSMISSION,VARNBDOORS,VARSERVICEDISTANCEUNIT,VARSERVICEDISTANCEINTERVAL,VARSERVICETIMEINTERVAL,VARMOTCLASS,VARTAXCLASS,VARVEHICLECATEGORY,VARVEDCLASS,VARENERGYTYPE,VARBODYTYPE,VARBHP,VARCOMMENT,VARSTATUS,MMTCODE,VARBADGEDENGINESIZE,VARUPDATEDATE,VARCARBON,VARIDSOURCE,VARSOURCEDATABASE,VARINSURANCE,VARPRODUCTIONSTARTYEAR,ACACODE,NAPCODE,UTICODEUPDATE,VARDTUPDATE,VAREXTERNALREF) 
values (14022,'FR','BMWI3SPORT','EUR',to_date('23-MAY-15','DD-MON-RR'),null,36,'BMWI3',null,null,'G','A',null,null,null,null,null,'3','VP','03','G','COUP',150,null,'ACTIF','SPORT',null,to_date('23-MAY-15','DD-MON-RR'),119,null,null,null,2015,'','','ORFI',to_date('23-MAY-15','DD-MON-RR'),null);
insert into LANVARIANT values (14022, 'EN', 'BMWI3 sport');
Insert into VARYEAR (VARID,VYEYEARCODE,VYEDTSTART,VYEDTEND,VYEINSURANCE) values (14022,'2015',to_date('01-JAN-15','DD-MON-RR'),null,null);
Insert into VYEPRICE (VARID,VYEYEARCODE,VPRORDER,VPRDTSTART,DEVCODE,VPRDTEND,VPRMT,VPRCODE,VPRDTUPDATE,UTICODEUPDATE,TAXCODE,VPRMTVAT) values (14022,'2015',1,to_date('01-JAN-15','DD-MON-RR'),'EUR',null,33640,null,null,null,null,21);
Insert into VYEIMAGE (VARID,VYEYEARCODE,VYIORDER,VYICATEGORY,VYIFILENAME,VYIORIENTATION,VYIMODELYEAR,VYIVIEWTYPE) values (14022,'2015',1,'GRANDE','BMW_BMWI3_GRANDE.png','PAYSAGE',2015,'Exterieur');

Insert into VARIANT (VARID,PAYCODE,VARCODE,DEVCODE,VARDTSTART,VARDTEND,MAKID,MMOCODE,VARVEHICLESECTOR,VARDRIVETRAIN,VARFUELDELIVERY,VARTRANSMISSION,VARNBDOORS,VARSERVICEDISTANCEUNIT,VARSERVICEDISTANCEINTERVAL,VARSERVICETIMEINTERVAL,VARMOTCLASS,VARTAXCLASS,VARVEHICLECATEGORY,VARVEDCLASS,VARENERGYTYPE,VARBODYTYPE,VARBHP,VARCOMMENT,VARSTATUS,MMTCODE,VARBADGEDENGINESIZE,VARUPDATEDATE,VARCARBON,VARIDSOURCE,VARSOURCEDATABASE,VARINSURANCE,VARPRODUCTIONSTARTYEAR,ACACODE,NAPCODE,UTICODEUPDATE,VARDTUPDATE,VAREXTERNALREF) 
values (14023,'FR','BMWI3TRAIL','EUR',to_date('23-MAY-15','DD-MON-RR'),null,36,'BMWI3',null,null,'G','A',null,null,null,null,null,'3','VP','03','G','COUP',150,null,'ACTIF','TRAIL',null,to_date('23-MAY-15','DD-MON-RR'),119,null,null,null,2015,'','','ORFI',to_date('23-MAY-15','DD-MON-RR'),null);
insert into LANVARIANT values (14023, 'EN', 'BMWI3 trail');
Insert into VARYEAR (VARID,VYEYEARCODE,VYEDTSTART,VYEDTEND,VYEINSURANCE) values (14023,'2015',to_date('01-JAN-15','DD-MON-RR'),null,null);
Insert into VYEPRICE (VARID,VYEYEARCODE,VPRORDER,VPRDTSTART,DEVCODE,VPRDTEND,VPRMT,VPRCODE,VPRDTUPDATE,UTICODEUPDATE,TAXCODE,VPRMTVAT) values (14023,'2015',1,to_date('01-JAN-15','DD-MON-RR'),'EUR',null,32700,null,null,null,null,21);
Insert into VYEIMAGE (VARID,VYEYEARCODE,VYIORDER,VYICATEGORY,VYIFILENAME,VYIORIENTATION,VYIMODELYEAR,VYIVIEWTYPE) values (14023,'2015',1,'GRANDE','BMW_BMWI3_GRANDE.png','PAYSAGE',2015,'Exterieur');

-- M6

insert into makmodel(makid, mmocode)  values (36, 'BMWM6');
insert into lanmakmodel values (36, 'BMWM6', 'EN', 'BMW M6');

Insert into ACAMMO (ACACODE,MAKID,MMOCODE,AMMFLAGDEFAULT) values ('CAR' ,'36', 'BMWM6', '0');

insert into makmodtrimlevel values(36, 'BMWM6', 'LUXURY');
insert into lanmakmodtrimlevel values(36, 'BMWM6', 'LUXURY', 'EN', 'BMWM6 Luxury');
insert into makmodtrimlevel values(36, 'BMWM6', 'SPORT');
insert into lanmakmodtrimlevel values(36, 'BMWM6', 'SPORT', 'EN', 'BMWM6 Sport');
insert into makmodtrimlevel values(36, 'BMWM6', 'TRAIL');
insert into lanmakmodtrimlevel values(36, 'BMWM6', 'TRAIL', 'EN', 'BMWM6 Trail');

Insert into VARIANT (VARID,PAYCODE,VARCODE,DEVCODE,VARDTSTART,VARDTEND,MAKID,MMOCODE,VARVEHICLESECTOR,VARDRIVETRAIN,VARFUELDELIVERY,VARTRANSMISSION,VARNBDOORS,VARSERVICEDISTANCEUNIT,VARSERVICEDISTANCEINTERVAL,VARSERVICETIMEINTERVAL,VARMOTCLASS,VARTAXCLASS,VARVEHICLECATEGORY,VARVEDCLASS,VARENERGYTYPE,VARBODYTYPE,VARBHP,VARCOMMENT,VARSTATUS,MMTCODE,VARBADGEDENGINESIZE,VARUPDATEDATE,VARCARBON,VARIDSOURCE,VARSOURCEDATABASE,VARINSURANCE,VARPRODUCTIONSTARTYEAR,ACACODE,NAPCODE,UTICODEUPDATE,VARDTUPDATE,VAREXTERNALREF) 
values (14031,'FR','BMWM6LUXURY','EUR',to_date('23-MAY-15','DD-MON-RR'),null,36,'BMWM6',null,null,'G','A',null,null,null,null,null,'3','VP','03','G','COUP',150,null,'ACTIF','LUXURY',null,to_date('23-MAY-15','DD-MON-RR'),119,null,null,null,2015,'','','ORFI',to_date('23-MAY-15','DD-MON-RR'),null);
insert into LANVARIANT values (14031, 'EN', 'BMWM6 luxury');
Insert into VARYEAR (VARID,VYEYEARCODE,VYEDTSTART,VYEDTEND,VYEINSURANCE) values (14031,'2015',to_date('01-JAN-15','DD-MON-RR'),null,null);
Insert into VYEPRICE (VARID,VYEYEARCODE,VPRORDER,VPRDTSTART,DEVCODE,VPRDTEND,VPRMT,VPRCODE,VPRDTUPDATE,UTICODEUPDATE,TAXCODE,VPRMTVAT) values (14031,'2015',1,to_date('01-JAN-15','DD-MON-RR'),'EUR',null,136900,null,null,null,null,21);
Insert into VYEIMAGE (VARID,VYEYEARCODE,VYIORDER,VYICATEGORY,VYIFILENAME,VYIORIENTATION,VYIMODELYEAR,VYIVIEWTYPE) values (14031,'2015',1,'GRANDE','BMW_BMWM6_GRANDE.png','PAYSAGE',2015,'Exterieur');

Insert into VARIANT (VARID,PAYCODE,VARCODE,DEVCODE,VARDTSTART,VARDTEND,MAKID,MMOCODE,VARVEHICLESECTOR,VARDRIVETRAIN,VARFUELDELIVERY,VARTRANSMISSION,VARNBDOORS,VARSERVICEDISTANCEUNIT,VARSERVICEDISTANCEINTERVAL,VARSERVICETIMEINTERVAL,VARMOTCLASS,VARTAXCLASS,VARVEHICLECATEGORY,VARVEDCLASS,VARENERGYTYPE,VARBODYTYPE,VARBHP,VARCOMMENT,VARSTATUS,MMTCODE,VARBADGEDENGINESIZE,VARUPDATEDATE,VARCARBON,VARIDSOURCE,VARSOURCEDATABASE,VARINSURANCE,VARPRODUCTIONSTARTYEAR,ACACODE,NAPCODE,UTICODEUPDATE,VARDTUPDATE,VAREXTERNALREF) 
values (14032,'FR','BMWM6SPORT','EUR',to_date('23-MAY-15','DD-MON-RR'),null,36,'BMWM6',null,null,'G','A',null,null,null,null,null,'3','VP','03','G','COUP',150,null,'ACTIF','SPORT',null,to_date('23-MAY-15','DD-MON-RR'),119,null,null,null,2015,'','','ORFI',to_date('23-MAY-15','DD-MON-RR'),null);
insert into LANVARIANT values (14032, 'EN', 'BMWM6 sport');
Insert into VARYEAR (VARID,VYEYEARCODE,VYEDTSTART,VYEDTEND,VYEINSURANCE) values (14032,'2015',to_date('01-JAN-15','DD-MON-RR'),null,null);
Insert into VYEPRICE (VARID,VYEYEARCODE,VPRORDER,VPRDTSTART,DEVCODE,VPRDTEND,VPRMT,VPRCODE,VPRDTUPDATE,UTICODEUPDATE,TAXCODE,VPRMTVAT) values (14032,'2015',1,to_date('01-JAN-15','DD-MON-RR'),'EUR',null,129340,null,null,null,null,21);
Insert into VYEIMAGE (VARID,VYEYEARCODE,VYIORDER,VYICATEGORY,VYIFILENAME,VYIORIENTATION,VYIMODELYEAR,VYIVIEWTYPE) values (14032,'2015',1,'GRANDE','BMW_BMWM6_GRANDE.png','PAYSAGE',2015,'Exterieur');

Insert into VARIANT (VARID,PAYCODE,VARCODE,DEVCODE,VARDTSTART,VARDTEND,MAKID,MMOCODE,VARVEHICLESECTOR,VARDRIVETRAIN,VARFUELDELIVERY,VARTRANSMISSION,VARNBDOORS,VARSERVICEDISTANCEUNIT,VARSERVICEDISTANCEINTERVAL,VARSERVICETIMEINTERVAL,VARMOTCLASS,VARTAXCLASS,VARVEHICLECATEGORY,VARVEDCLASS,VARENERGYTYPE,VARBODYTYPE,VARBHP,VARCOMMENT,VARSTATUS,MMTCODE,VARBADGEDENGINESIZE,VARUPDATEDATE,VARCARBON,VARIDSOURCE,VARSOURCEDATABASE,VARINSURANCE,VARPRODUCTIONSTARTYEAR,ACACODE,NAPCODE,UTICODEUPDATE,VARDTUPDATE,VAREXTERNALREF) 
values (14033,'FR','BMWM6TRAIL','EUR',to_date('23-MAY-15','DD-MON-RR'),null,36,'BMWM6',null,null,'G','A',null,null,null,null,null,'3','VP','03','G','COUP',150,null,'ACTIF','TRAIL',null,to_date('23-MAY-15','DD-MON-RR'),119,null,null,null,2015,'','','ORFI',to_date('23-MAY-15','DD-MON-RR'),null);
insert into LANVARIANT values (14033, 'EN', 'BMWM6 trail');
Insert into VARYEAR (VARID,VYEYEARCODE,VYEDTSTART,VYEDTEND,VYEINSURANCE) values (14033,'2015',to_date('01-JAN-15','DD-MON-RR'),null,null);
Insert into VYEPRICE (VARID,VYEYEARCODE,VPRORDER,VPRDTSTART,DEVCODE,VPRDTEND,VPRMT,VPRCODE,VPRDTUPDATE,UTICODEUPDATE,TAXCODE,VPRMTVAT) values (14033,'2015',1,to_date('01-JAN-15','DD-MON-RR'),'EUR',null,129500,null,null,null,null,21);
Insert into VYEIMAGE (VARID,VYEYEARCODE,VYIORDER,VYICATEGORY,VYIFILENAME,VYIORIENTATION,VYIMODELYEAR,VYIVIEWTYPE) values (14033,'2015',1,'GRANDE','BMW_BMWM6_GRANDE.png','PAYSAGE',2015,'Exterieur');


-- X6

insert into makmodel(makid, mmocode)  values (36, 'BMWX6');
insert into lanmakmodel values (36, 'BMWX6', 'EN', 'BMW X6');

Insert into ACAMMO (ACACODE,MAKID,MMOCODE,AMMFLAGDEFAULT) values ('CAR' ,'36', 'BMWX6', '0');

insert into makmodtrimlevel values(36, 'BMWX6', 'LUXURY');
insert into lanmakmodtrimlevel values(36, 'BMWX6', 'LUXURY', 'EN', 'BMWX6 Luxury');
insert into makmodtrimlevel values(36, 'BMWX6', 'SPORT');
insert into lanmakmodtrimlevel values(36, 'BMWX6', 'SPORT', 'EN', 'BMWX6 Sport');
insert into makmodtrimlevel values(36, 'BMWX6', 'TRAIL');
insert into lanmakmodtrimlevel values(36, 'BMWX6', 'TRAIL', 'EN', 'BMWX6 Trail');

Insert into VARIANT (VARID,PAYCODE,VARCODE,DEVCODE,VARDTSTART,VARDTEND,MAKID,MMOCODE,VARVEHICLESECTOR,VARDRIVETRAIN,VARFUELDELIVERY,VARTRANSMISSION,VARNBDOORS,VARSERVICEDISTANCEUNIT,VARSERVICEDISTANCEINTERVAL,VARSERVICETIMEINTERVAL,VARMOTCLASS,VARTAXCLASS,VARVEHICLECATEGORY,VARVEDCLASS,VARENERGYTYPE,VARBODYTYPE,VARBHP,VARCOMMENT,VARSTATUS,MMTCODE,VARBADGEDENGINESIZE,VARUPDATEDATE,VARCARBON,VARIDSOURCE,VARSOURCEDATABASE,VARINSURANCE,VARPRODUCTIONSTARTYEAR,ACACODE,NAPCODE,UTICODEUPDATE,VARDTUPDATE,VAREXTERNALREF) 
values (14041,'FR','BMWX6LUXURY','EUR',to_date('23-MAY-15','DD-MON-RR'),null,36,'BMWX6',null,null,'G','A',null,null,null,null,null,'3','VP','03','G','COUP',150,null,'ACTIF','LUXURY',null,to_date('23-MAY-15','DD-MON-RR'),119,null,null,null,2015,'','','ORFI',to_date('23-MAY-15','DD-MON-RR'),null);
insert into LANVARIANT values (14041, 'EN', 'BMWX6 luxury');
Insert into VARYEAR (VARID,VYEYEARCODE,VYEDTSTART,VYEDTEND,VYEINSURANCE) values (14041,'2015',to_date('01-JAN-15','DD-MON-RR'),null,null);
Insert into VYEPRICE (VARID,VYEYEARCODE,VPRORDER,VPRDTSTART,DEVCODE,VPRDTEND,VPRMT,VPRCODE,VPRDTUPDATE,UTICODEUPDATE,TAXCODE,VPRMTVAT) values (14041,'2015',1,to_date('01-JAN-15','DD-MON-RR'),'EUR',null,134500,null,null,null,null,21);
Insert into VYEIMAGE (VARID,VYEYEARCODE,VYIORDER,VYICATEGORY,VYIFILENAME,VYIORIENTATION,VYIMODELYEAR,VYIVIEWTYPE) values (14041,'2015',1,'GRANDE','BMW_BMWX6_GRANDE.png','PAYSAGE',2015,'Exterieur');

Insert into VARIANT (VARID,PAYCODE,VARCODE,DEVCODE,VARDTSTART,VARDTEND,MAKID,MMOCODE,VARVEHICLESECTOR,VARDRIVETRAIN,VARFUELDELIVERY,VARTRANSMISSION,VARNBDOORS,VARSERVICEDISTANCEUNIT,VARSERVICEDISTANCEINTERVAL,VARSERVICETIMEINTERVAL,VARMOTCLASS,VARTAXCLASS,VARVEHICLECATEGORY,VARVEDCLASS,VARENERGYTYPE,VARBODYTYPE,VARBHP,VARCOMMENT,VARSTATUS,MMTCODE,VARBADGEDENGINESIZE,VARUPDATEDATE,VARCARBON,VARIDSOURCE,VARSOURCEDATABASE,VARINSURANCE,VARPRODUCTIONSTARTYEAR,ACACODE,NAPCODE,UTICODEUPDATE,VARDTUPDATE,VAREXTERNALREF) 
values (14042,'FR','BMWX6SPORT','EUR',to_date('23-MAY-15','DD-MON-RR'),null,36,'BMWX6',null,null,'G','A',null,null,null,null,null,'3','VP','03','G','COUP',150,null,'ACTIF','SPORT',null,to_date('23-MAY-15','DD-MON-RR'),119,null,null,null,2015,'','','ORFI',to_date('23-MAY-15','DD-MON-RR'),null);
insert into LANVARIANT values (14042, 'EN', 'BMWX6 sport');
Insert into VARYEAR (VARID,VYEYEARCODE,VYEDTSTART,VYEDTEND,VYEINSURANCE) values (14042,'2015',to_date('01-JAN-15','DD-MON-RR'),null,null);
Insert into VYEPRICE (VARID,VYEYEARCODE,VPRORDER,VPRDTSTART,DEVCODE,VPRDTEND,VPRMT,VPRCODE,VPRDTUPDATE,UTICODEUPDATE,TAXCODE,VPRMTVAT) values (14042,'2015',1,to_date('01-JAN-15','DD-MON-RR'),'EUR',null,133000,null,null,null,null,21);
Insert into VYEIMAGE (VARID,VYEYEARCODE,VYIORDER,VYICATEGORY,VYIFILENAME,VYIORIENTATION,VYIMODELYEAR,VYIVIEWTYPE) values (14042,'2015',1,'GRANDE','BMW_BMWX6_GRANDE.png','PAYSAGE',2015,'Exterieur');

Insert into VARIANT (VARID,PAYCODE,VARCODE,DEVCODE,VARDTSTART,VARDTEND,MAKID,MMOCODE,VARVEHICLESECTOR,VARDRIVETRAIN,VARFUELDELIVERY,VARTRANSMISSION,VARNBDOORS,VARSERVICEDISTANCEUNIT,VARSERVICEDISTANCEINTERVAL,VARSERVICETIMEINTERVAL,VARMOTCLASS,VARTAXCLASS,VARVEHICLECATEGORY,VARVEDCLASS,VARENERGYTYPE,VARBODYTYPE,VARBHP,VARCOMMENT,VARSTATUS,MMTCODE,VARBADGEDENGINESIZE,VARUPDATEDATE,VARCARBON,VARIDSOURCE,VARSOURCEDATABASE,VARINSURANCE,VARPRODUCTIONSTARTYEAR,ACACODE,NAPCODE,UTICODEUPDATE,VARDTUPDATE,VAREXTERNALREF) 
values (14043,'FR','BMWX6TRAIL','EUR',to_date('23-MAY-15','DD-MON-RR'),null,36,'BMWX6',null,null,'G','A',null,null,null,null,null,'3','VP','03','G','COUP',150,null,'ACTIF','TRAIL',null,to_date('23-MAY-15','DD-MON-RR'),119,null,null,null,2015,'','','ORFI',to_date('23-MAY-15','DD-MON-RR'),null);
insert into LANVARIANT values (14043, 'EN', 'BMWX6 trail');
Insert into VARYEAR (VARID,VYEYEARCODE,VYEDTSTART,VYEDTEND,VYEINSURANCE) values (14043,'2015',to_date('01-JAN-15','DD-MON-RR'),null,null);
Insert into VYEPRICE (VARID,VYEYEARCODE,VPRORDER,VPRDTSTART,DEVCODE,VPRDTEND,VPRMT,VPRCODE,VPRDTUPDATE,UTICODEUPDATE,TAXCODE,VPRMTVAT) values (14043,'2015',1,to_date('01-JAN-15','DD-MON-RR'),'EUR',null,132000,null,null,null,null,21);
Insert into VYEIMAGE (VARID,VYEYEARCODE,VYIORDER,VYICATEGORY,VYIFILENAME,VYIORIENTATION,VYIMODELYEAR,VYIVIEWTYPE) values (14043,'2015',1,'GRANDE','BMW_BMWX6_GRANDE.png','PAYSAGE',2015,'Exterieur');

/*
-- BU10

insert into makmodel(makid, mmocode)  values (36, 'BU10');
insert into lanmakmodel values (36, 'BU10', 'EN', 'BU10');

Insert into ACAMMO (ACACODE,MAKID,MMOCODE,AMMFLAGDEFAULT) values ('CAR' ,'36', 'BU10', '0');

insert into makmodtrimlevel values(36, 'BU10', 'LUXURY');
insert into lanmakmodtrimlevel values(36, 'BU10', 'LUXURY', 'EN', 'BU10');
insert into makmodtrimlevel values(36, 'BU10', 'SPORT');
insert into lanmakmodtrimlevel values(36, 'BU10', 'SPORT', 'EN', 'BU10 Sport');
insert into makmodtrimlevel values(36, 'BU10', 'TRAIL');
insert into lanmakmodtrimlevel values(36, 'BU10', 'TRAIL', 'EN', 'BU10 Trail');

Insert into VARIANT (VARID,PAYCODE,VARCODE,DEVCODE,VARDTSTART,VARDTEND,MAKID,MMOCODE,VARVEHICLESECTOR,VARDRIVETRAIN,VARFUELDELIVERY,VARTRANSMISSION,VARNBDOORS,VARSERVICEDISTANCEUNIT,VARSERVICEDISTANCEINTERVAL,VARSERVICETIMEINTERVAL,VARMOTCLASS,VARTAXCLASS,VARVEHICLECATEGORY,VARVEDCLASS,VARENERGYTYPE,VARBODYTYPE,VARBHP,VARCOMMENT,VARSTATUS,MMTCODE,VARBADGEDENGINESIZE,VARUPDATEDATE,VARCARBON,VARIDSOURCE,VARSOURCEDATABASE,VARINSURANCE,VARPRODUCTIONSTARTYEAR,ACACODE,NAPCODE,UTICODEUPDATE,VARDTUPDATE,VAREXTERNALREF) 
values (14051,'FR','BU10LUXURY','EUR',to_date('23-MAY-15','DD-MON-RR'),null,36,'BU10',null,null,'G','A',null,null,null,null,null,'3','VP','03','G','COUP',150,null,'ACTIF','LUXURY',null,to_date('23-MAY-15','DD-MON-RR'),119,null,null,null,2015,'','','ORFI',to_date('23-MAY-15','DD-MON-RR'),null);
insert into LANVARIANT values (14051, 'EN', 'BU10 luxury');
Insert into VARYEAR (VARID,VYEYEARCODE,VYEDTSTART,VYEDTEND,VYEINSURANCE) values (14051,'2015',to_date('01-JAN-15','DD-MON-RR'),null,null);
Insert into VYEPRICE (VARID,VYEYEARCODE,VPRORDER,VPRDTSTART,DEVCODE,VPRDTEND,VPRMT,VPRCODE,VPRDTUPDATE,UTICODEUPDATE,TAXCODE,VPRMTVAT) values (14051,'2015',1,to_date('01-JAN-15','DD-MON-RR'),'EUR',null,1129,null,null,null,null,21);
Insert into VYEIMAGE (VARID,VYEYEARCODE,VYIORDER,VYICATEGORY,VYIFILENAME,VYIORIENTATION,VYIMODELYEAR,VYIVIEWTYPE) values (14051,'2015',1,'GRANDE','BMW_BU10_GRANDE.png','PAYSAGE',2015,'Exterieur');

*/


