BEGIN
    INSERT INTO TUSER (TUSNOM, TUSLONGUEUR
        ) VALUES
        ('ADRTYPE', 15
        ) ;
    COMMIT;
    DBMS_OUTPUT.PUT_LINE('OK TUSER ADRTYPE') ;
EXCEPTION
WHEN OTHERS THEN
	DBMS_OUTPUT.PUT_LINE('KO TUSER ADRTYPE') ;
    ROLLBACK;
END;
/
BEGIN
    INSERT INTO LANTUSER
        (TUSNOM, LANCODE, TUSLIBELLE
        ) VALUES
        ('ADRTYPE', 'EN', 'Address type'
        ) ;
    COMMIT;
    DBMS_OUTPUT.PUT_LINE('OK LANTUSER ADRTYPE EN') ;
EXCEPTION
WHEN OTHERS THEN
    ROLLBACK;
END;
/
BEGIN
    INSERT INTO LANTUSER
        (TUSNOM, LANCODE, TUSLIBELLE
        ) VALUES
        ('ADRTYPE', 'FR', 'Address type'
        ) ;
    COMMIT;
    DBMS_OUTPUT.PUT_LINE('OK LANTUSER ADRTYPE FR') ;
EXCEPTION
WHEN OTHERS THEN
    ROLLBACK;
END;
/
BEGIN
    INSERT INTO TUSPARAM
        (TUSNOM, TUPCODE, TUPFLAGORFI
        ) VALUES
        ('ADRTYPE', 'DELIVERY', 0
        ) ;
    COMMIT;
    DBMS_OUTPUT.PUT_LINE('OK TUSPARAM ADRTYPE DELIVERY') ;
EXCEPTION
WHEN OTHERS THEN
    ROLLBACK;
END;
/
BEGIN
    INSERT INTO LANTUSPARAM
        (TUSNOM, TUPCODE, LANCODE, TUPLIBELLE
        ) VALUES
        ('ADRTYPE', 'DELIVERY', 'EN', 'Delivery'
        ) ;
    COMMIT;
    DBMS_OUTPUT.PUT_LINE('OK LANTUSPARAM ADRTYPE DELIVERY EN') ;
EXCEPTION
WHEN OTHERS THEN
    ROLLBACK;
END;
/
BEGIN
    INSERT INTO LANTUSPARAM
        (TUSNOM, TUPCODE, LANCODE, TUPLIBELLE
        ) VALUES
        ('ADRTYPE', 'DELIVERY', 'FR', 'Delivery'
        ) ;
    COMMIT;
    DBMS_OUTPUT.PUT_LINE('OK LANTUSPARAM ADRTYPE DELIVERY FR') ;
EXCEPTION
WHEN OTHERS THEN
    NULL;
END;
/
BEGIN
    INSERT INTO TUSPARAM
        (TUSNOM, TUPCODE, TUPFLAGORFI
        ) VALUES
        ('ADRTYPE', 'INVOICE', 0
        ) ;
    COMMIT;
    DBMS_OUTPUT.PUT_LINE('OK TUSPARAM ADRTYPE INVOICE') ;
EXCEPTION
WHEN OTHERS THEN
    ROLLBACK;
END;
/
BEGIN
    INSERT INTO LANTUSPARAM
        (TUSNOM, TUPCODE, LANCODE, TUPLIBELLE
        ) VALUES
        ('ADRTYPE', 'INVOICE', 'EN', 'Invoice'
        ) ;
    COMMIT;
    DBMS_OUTPUT.PUT_LINE('OK LANTUSPARAM ADRTYPE INVOICE EN') ;
EXCEPTION
WHEN OTHERS THEN
    ROLLBACK;
END;
/
BEGIN
    INSERT INTO LANTUSPARAM
        (TUSNOM, TUPCODE, LANCODE, TUPLIBELLE
        ) VALUES
        ('ADRTYPE', 'INVOICE', 'FR', 'Invoice'
        ) ;
    COMMIT;
    DBMS_OUTPUT.PUT_LINE('OK LANTUSPARAM ADRTYPE INVOICE FR') ;
EXCEPTION
WHEN OTHERS THEN
    NULL;
END;
/
BEGIN
    INSERT INTO TUSPARAM
        (TUSNOM, TUPCODE, TUPFLAGORFI
        ) VALUES
        ('ADRTYPE', 'MAIL', 0
        ) ;
    COMMIT;
    DBMS_OUTPUT.PUT_LINE('OK TUSPARAM ADRTYPE MAIL') ;
EXCEPTION
WHEN OTHERS THEN
    ROLLBACK;
END;
/
BEGIN
    INSERT INTO LANTUSPARAM
        (TUSNOM, TUPCODE, LANCODE, TUPLIBELLE
        ) VALUES
        ('ADRTYPE', 'MAIL', 'EN', 'Mail'
        ) ;
    COMMIT;
    DBMS_OUTPUT.PUT_LINE('OK LANTUSPARAM ADRTYPE MAIL EN') ;
EXCEPTION
WHEN OTHERS THEN
    ROLLBACK;
END;
/
BEGIN
    INSERT INTO LANTUSPARAM
        (TUSNOM, TUPCODE, LANCODE, TUPLIBELLE
        ) VALUES
        ('ADRTYPE', 'MAIL', 'FR', 'Mail'
        ) ;
    COMMIT;
    DBMS_OUTPUT.PUT_LINE('OK LANTUSPARAM ADRTYPE MAIL FR') ;
EXCEPTION
WHEN OTHERS THEN
    NULL;
END;
/
BEGIN
    INSERT INTO TUSPARAM
        (TUSNOM, TUPCODE, TUPFLAGORFI
        ) VALUES
        ('ADRTYPE', 'HEADOFFICE', 0
        ) ;
    COMMIT;
    DBMS_OUTPUT.PUT_LINE('OK TUSPARAM ADRTYPE HEADOFFICE') ;
EXCEPTION
WHEN OTHERS THEN
    ROLLBACK;
END;
/
BEGIN
    INSERT INTO LANTUSPARAM
        (TUSNOM, TUPCODE, LANCODE, TUPLIBELLE
        ) VALUES
        ('ADRTYPE', 'HEADOFFICE', 'EN', 'Headoffice'
        ) ;
    COMMIT;
    DBMS_OUTPUT.PUT_LINE('OK LANTUSPARAM ADRTYPE HEADOFFICE EN') ;
EXCEPTION
WHEN OTHERS THEN
    ROLLBACK;
END;
/
BEGIN
    INSERT INTO LANTUSPARAM
        (TUSNOM, TUPCODE, LANCODE, TUPLIBELLE
        ) VALUES
        ('ADRTYPE', 'HEADOFFICE', 'FR', 'Headoffice'
        ) ;
    COMMIT;
    DBMS_OUTPUT.PUT_LINE('OK LANTUSPARAM ADRTYPE HEADOFFICE FR') ;
EXCEPTION
WHEN OTHERS THEN
    NULL;
END;
/
BEGIN
    INSERT INTO TUSER (TUSNOM, TUSLONGUEUR
        ) VALUES
        ('GENDERTYPE', 15
        ) ;
    COMMIT;
    DBMS_OUTPUT.PUT_LINE('OK TUSER GENDERTYPE') ;
EXCEPTION
WHEN OTHERS THEN
	DBMS_OUTPUT.PUT_LINE('KO TUSER GENDERTYPE') ;
    ROLLBACK;
END;
/
BEGIN
    INSERT INTO LANTUSER
        (TUSNOM, LANCODE, TUSLIBELLE
        ) VALUES
        ('GENDERTYPE', 'EN', 'Gender type'
        ) ;
    COMMIT;
    DBMS_OUTPUT.PUT_LINE('OK LANTUSER GENDERTYPE EN') ;
EXCEPTION
WHEN OTHERS THEN
    ROLLBACK;
END;
/
BEGIN
    INSERT INTO LANTUSER
        (TUSNOM, LANCODE, TUSLIBELLE
        ) VALUES
        ('GENDERTYPE', 'FR', 'Gender type'
        ) ;
    COMMIT;
    DBMS_OUTPUT.PUT_LINE('OK LANTUSER GENDERTYPE FR') ;
EXCEPTION
WHEN OTHERS THEN
    ROLLBACK;
END;
/
BEGIN
    INSERT INTO TUSPARAM
        (TUSNOM, TUPCODE, TUPFLAGORFI
        ) VALUES
        ('GENDERTYPE', '1', 0
        ) ;
    COMMIT;
    DBMS_OUTPUT.PUT_LINE('OK TUSPARAM GENDERTYPE Male') ;
EXCEPTION
WHEN OTHERS THEN
    ROLLBACK;
END;
/
BEGIN
    INSERT INTO LANTUSPARAM
        (TUSNOM, TUPCODE, LANCODE, TUPLIBELLE
        ) VALUES
        ('GENDERTYPE', '1', 'EN', 'Male'
        ) ;
    COMMIT;
    DBMS_OUTPUT.PUT_LINE('OK LANTUSPARAM GENDERTYPE Male EN') ;
EXCEPTION
WHEN OTHERS THEN
    ROLLBACK;
END;
/
BEGIN
    INSERT INTO LANTUSPARAM
        (TUSNOM, TUPCODE, LANCODE, TUPLIBELLE
        ) VALUES
        ('GENDERTYPE', '1', 'FR', 'Male'
        ) ;
    COMMIT;
    DBMS_OUTPUT.PUT_LINE('OK LANTUSPARAM GENDERTYPE Male FR') ;
EXCEPTION
WHEN OTHERS THEN
    NULL;
END;
/
BEGIN
    INSERT INTO TUSPARAM
        (TUSNOM, TUPCODE, TUPFLAGORFI
        ) VALUES
        ('GENDERTYPE', '2', 0
        ) ;
    COMMIT;
    DBMS_OUTPUT.PUT_LINE('OK TUSPARAM GENDERTYPE Female') ;
EXCEPTION
WHEN OTHERS THEN
    ROLLBACK;
END;
/
BEGIN
    INSERT INTO LANTUSPARAM
        (TUSNOM, TUPCODE, LANCODE, TUPLIBELLE
        ) VALUES
        ('GENDERTYPE', '2', 'EN', 'Female'
        ) ;
    COMMIT;
    DBMS_OUTPUT.PUT_LINE('OK LANTUSPARAM GENDERTYPE Female EN') ;
EXCEPTION
WHEN OTHERS THEN
    ROLLBACK;
END;
/
BEGIN
    INSERT INTO LANTUSPARAM
        (TUSNOM, TUPCODE, LANCODE, TUPLIBELLE
        ) VALUES
        ('GENDERTYPE', '2', 'FR', 'Female'
        ) ;
    COMMIT;
    DBMS_OUTPUT.PUT_LINE('OK LANTUSPARAM GENDERTYPE Female FR') ;
EXCEPTION
WHEN OTHERS THEN
    NULL;
END;
/


-- BEGIN VWTRK-106
BEGIN
    Insert into TTRAITEMENT (TTRNOM,ttrflagpref) values ('TPGTYPE','1');
    COMMIT;
    DBMS_OUTPUT.PUT_LINE('OK TTRAITEMENT TPGTYPE') ;
EXCEPTION
WHEN OTHERS THEN
	DBMS_OUTPUT.PUT_LINE('KO TTRAITEMENT TPGTYPE') ;
    ROLLBACK;
END;
/
BEGIN
    Insert into LANTTRAITEMENT (TTRNOM,LANCODE,TTRLIBELLE) values ('TPGTYPE','FR','Type de produit');
    COMMIT;
    DBMS_OUTPUT.PUT_LINE('OK LANTTRAITEMENT TPGTYPE') ;
EXCEPTION
WHEN OTHERS THEN
	DBMS_OUTPUT.PUT_LINE('KO LANTTRAITEMENT TPGTYPE') ;
    ROLLBACK;
END;
/
BEGIN
    Insert into LANTTRAITEMENT (TTRNOM,LANCODE,TTRLIBELLE) values ('TPGTYPE','EN','Product type');
    COMMIT;
    DBMS_OUTPUT.PUT_LINE('OK LANTTRAITEMENT TPGTYPE') ;
EXCEPTION
WHEN OTHERS THEN
	DBMS_OUTPUT.PUT_LINE('KO LANTTRAITEMENT TPGTYPE') ;
    ROLLBACK;
END;
/
BEGIN
    INSERT into TTRPARAM (TTRNOM,TTPCODE) values ('TPGTYPE','RES');
    COMMIT;
    DBMS_OUTPUT.PUT_LINE('OK TTRPARAM TPGTYPE') ;
EXCEPTION
WHEN OTHERS THEN
	DBMS_OUTPUT.PUT_LINE('KO TTRPARAM TPGTYPE') ;
    ROLLBACK;
END;
/
BEGIN
    Insert into TTRPARAM (TTRNOM,TTPCODE) values ('TPGTYPE','CLIE');
    COMMIT;
    DBMS_OUTPUT.PUT_LINE('OK TTRPARAM TPGTYPE') ;
EXCEPTION
WHEN OTHERS THEN
	DBMS_OUTPUT.PUT_LINE('KO TTRPARAM TPGTYPE') ;
    ROLLBACK;
END;
/
BEGIN
    Insert into TTRPARAM (TTRNOM,TTPCODE) values ('TPGTYPE','STDALONE');
    COMMIT;
    DBMS_OUTPUT.PUT_LINE('OK TTRPARAM TPGTYPE') ;
EXCEPTION
WHEN OTHERS THEN
	DBMS_OUTPUT.PUT_LINE('KO TTRPARAM TPGTYPE') ;
    ROLLBACK;
END;
/
BEGIN
    Insert into TTRPARAM (TTRNOM,TTPCODE) values ('TPGTYPE','PERSO');
    COMMIT;
    DBMS_OUTPUT.PUT_LINE('OK TTRPARAM TPGTYPE') ;
EXCEPTION
WHEN OTHERS THEN
	DBMS_OUTPUT.PUT_LINE('KO TTRPARAM TPGTYPE') ;
    ROLLBACK;
END;
/
BEGIN
    Insert into LANTTRPARAM (TTRNOM,TTPCODE,LANCODE,TTPLIBELLE,TTPHELPTEXT) values ('TPGTYPE','RES','EN','Financement Réseau',null);
    COMMIT;
    DBMS_OUTPUT.PUT_LINE('OK LANTTRPARAM TPGTYPE') ;
EXCEPTION
WHEN OTHERS THEN
	DBMS_OUTPUT.PUT_LINE('KO LANTTRPARAM TPGTYPE') ;
    ROLLBACK;
END;
/
BEGIN
    Insert into LANTTRPARAM (TTRNOM,TTPCODE,LANCODE,TTPLIBELLE,TTPHELPTEXT) values ('TPGTYPE','RES','FR','Financement Réseau',null);
    COMMIT;
    DBMS_OUTPUT.PUT_LINE('OK LANTTRPARAM TPGTYPE') ;
EXCEPTION
WHEN OTHERS THEN
	DBMS_OUTPUT.PUT_LINE('KO LANTTRPARAM TPGTYPE') ;
    ROLLBACK;
END;
/
BEGIN
    Insert into LANTTRPARAM (TTRNOM,TTPCODE,LANCODE,TTPLIBELLE,TTPHELPTEXT) values ('TPGTYPE','CLIE','EN','Financement Client',null);
    COMMIT;
    DBMS_OUTPUT.PUT_LINE('OK LANTTRPARAM TPGTYPE') ;
EXCEPTION
WHEN OTHERS THEN
	DBMS_OUTPUT.PUT_LINE('KO LANTTRPARAM TPGTYPE') ;
    ROLLBACK;
END;
/
BEGIN
    Insert into LANTTRPARAM (TTRNOM,TTPCODE,LANCODE,TTPLIBELLE,TTPHELPTEXT) values ('TPGTYPE','CLIE','FR','Financement Client',null);
    COMMIT;
    DBMS_OUTPUT.PUT_LINE('OK LANTTRPARAM TPGTYPE') ;
EXCEPTION
WHEN OTHERS THEN
	DBMS_OUTPUT.PUT_LINE('KO LANTTRPARAM TPGTYPE') ;
    ROLLBACK;
END;
/
BEGIN
    Insert into LANTTRPARAM (TTRNOM,TTPCODE,LANCODE,TTPLIBELLE,TTPHELPTEXT) values ('TPGTYPE','STDALONE','EN','Stand Alone',null);
    COMMIT;
    DBMS_OUTPUT.PUT_LINE('OK LANTTRPARAM TPGTYPE') ;
EXCEPTION
WHEN OTHERS THEN
	DBMS_OUTPUT.PUT_LINE('KO LANTTRPARAM TPGTYPE') ;
    ROLLBACK;
END;
/
BEGIN
    Insert into LANTTRPARAM (TTRNOM,TTPCODE,LANCODE,TTPLIBELLE,TTPHELPTEXT) values ('TPGTYPE','STDALONE','FR','Services seuls',null);
    COMMIT;
    DBMS_OUTPUT.PUT_LINE('OK LANTTRPARAM TPGTYPE') ;
EXCEPTION
WHEN OTHERS THEN
	DBMS_OUTPUT.PUT_LINE('KO LANTTRPARAM TPGTYPE') ;
    ROLLBACK;
END;
/
BEGIN
    Insert into LANTTRPARAM (TTRNOM,TTPCODE,LANCODE,TTPLIBELLE,TTPHELPTEXT) values ('TPGTYPE','PERSO','EN','Financement Personnel',null);
    COMMIT;
    DBMS_OUTPUT.PUT_LINE('OK LANTTRPARAM TPGTYPE') ;
EXCEPTION
WHEN OTHERS THEN
	DBMS_OUTPUT.PUT_LINE('KO LANTTRPARAM TPGTYPE') ;
    ROLLBACK;
END;
/
BEGIN
    Insert into LANTTRPARAM (TTRNOM,TTPCODE,LANCODE,TTPLIBELLE,TTPHELPTEXT) values ('TPGTYPE','PERSO','FR','Financement Personnel',null);
    COMMIT;
    DBMS_OUTPUT.PUT_LINE('OK LANTTRPARAM TPGTYPE') ;
EXCEPTION
WHEN OTHERS THEN
	DBMS_OUTPUT.PUT_LINE('KO LANTTRPARAM TPGTYPE') ;
    ROLLBACK;
END;
/
-- END VWTRK-106